,ID,Pausing probability
0,chr4:6163::chr4:112779189-112779590(-),0.20519665
1,chr5:676::chr5:171797645-171798046(+),0.079383746
2,chr2:1393::chr2:232463216-232463617(-),0.023741016
3,chr13:10782::chr13:108206009-108206410(-),0.36598715
4,chr8:7637::chr8:65583270-65583671(-),0.02530469
5,chr13:14710::chr13:42333836-42334237(+),0.7623113
6,random_sequence_5882,0.00025442612
7,random_sequence_8381,1.48788795e-05
8,random_sequence_8222,0.00034042314
9,chr17:13279::chr17:19672731-19673132(-),0.017717147
10,chr17:7990::chr17:21434877-21435278(+),0.3906538
11,chr5:9063::chr5:138492179-138492580(-),0.8937379
12,random_sequence_133,0.026392406
13,chr1:1241::chr1:52901197-52901598(+),0.48695546
14,shuffled_7858,7.952218e-05
15,random_sequence_3718,0.0006977277
16,shuffled_1744,0.00062512205
17,chr6:6209::chr6:117642547-117642948(-),0.02338912
18,chr6:269::chr6:43565287-43565688(+),0.4057448
19,chr19:11567::chr19:1039496-1039897(+),0.7016716
20,chr12:14558::chr12:113452450-113452851(-),0.18347022
21,chr8:7812::chr8:76969936-76970337(-),0.08754794
22,chr16:10172::chr16:2972239-2972640(+),0.32848415
23,chr20:17817::chr20:62209411-62209812(+),0.8504137
24,shuffled_421,0.0010967657
25,chr1:10860::chr1:153277879-153278280(-),0.050406285
26,chr9:24571::chr9:128635716-128636117(+),0.6290302
27,shuffled_7149,0.00713257
28,chr19:278::chr19:42714462-42714863(-),0.29159188
29,shuffled_7106,0.06826685
30,chr4:4850::chr4:107587041-107587442(-),0.013384072
31,chr2:16446::chr2:174435378-174435779(+),0.11623689
32,chr11:10475::chr11:71418145-71418546(-),0.38087535
33,chr2:2800::chr2:46796700-46797101(+),0.00011330344
34,chr19:3198::chr19:48711333-48711734(+),0.0013598863
35,chr15:8040::chr15:69456228-69456629(+),0.58878547
36,chr22:8505::chr22:44229503-44229904(-),0.035120483
37,chr6:3754::chr6:170264670-170265071(-),0.0046339575
38,random_sequence_8168,0.0011445805
39,shuffled_6806,0.0012367687
40,chr9:9314::chr9:33051738-33052139(+),0.567052
41,chr7:40880::chr7:116805960-116806361(+),0.7326751
42,random_sequence_4541,0.0018569969
43,random_sequence_2894,0.0965005
44,shuffled_5941,0.0050523407
45,chr12:6157::chr12:113156274-113156675(-),0.7299968
46,chr2:11390::chr2:167266116-167266517(+),0.004051531
47,chr15:4670::chr15:40733312-40733713(-),0.004442759
48,chr5:12317::chr5:65675524-65675925(+),0.016644044
49,shuffled_420,0.02240844
50,shuffled_3778,0.075447515
51,chr11:6217::chr11:60511318-60511719(+),0.015174242
52,chr10:6476::chr10:119099680-119100081(+),0.08671754
53,chr9:12792::chr9:26896522-26896923(-),0.0066565163
54,chr17:33913::chr17:73191531-73191932(+),0.13229829
55,chr16:9653::chr16:28863622-28864023(-),0.5855404
56,shuffled_5168,0.002899907
57,shuffled_3029,0.0070774294
58,chr11:132::chr11:58636732-58637133(-),0.015609086
59,random_sequence_3713,0.00020720388
60,chr10:4643::chr10:29360704-29361105(-),0.015592271
61,chr8:41150::chr8:43139276-43139677(+),0.8964521
62,chr19:7767::chr19:7093771-7094172(+),0.013749394
63,chr19:14547::chr19:11139035-11139436(+),0.7916528
64,random_sequence_2138,0.008223252
65,chr8:8060::chr8:143663364-143663765(+),0.06079956
66,chr6:11572::chr6:6667781-6668182(+),0.026597584
67,random_sequence_7444,0.0021600754
68,chr2:13907::chr2:72926539-72926940(-),0.0013110364
69,chr9:7747::chr9:77428607-77429008(+),0.27868772
70,chr11:14940::chr11:5055176-5055577(-),0.005445738
71,chr21:37959::chr21:41727390-41727791(-),0.5164243
72,chr14:1977::chr14:35949989-35950390(+),0.09828971
73,chr9:42526::chr9:128657136-128657537(-),0.79830897
74,chr8:12759::chr8:20226599-20227000(-),0.2994352
75,random_sequence_3732,0.001689231
76,chr6:2764::chr6:24754569-24754970(+),0.087118156
77,chrX:4932::chrX:108171175-108171576(+),0.08418994
78,chr15:5680::chr15:82827576-82827977(-),0.034106173
79,chr1:29048::chr1:54774989-54775390(-),0.8031131
80,chr5:1858::chr5:90455195-90455596(-),0.6442056
81,chr4:8383::chr4:185572667-185573068(-),0.050640047
82,chr19:9751::chr19:18186788-18187189(+),0.015571791
83,chr14:6134::chr14:20488733-20489134(+),0.66751754
84,chr16:9148::chr16:50311253-50311654(-),0.943776
85,shuffled_348,0.025247121
86,chr20:10419::chr20:46412527-46412928(+),0.017181175
87,chr1:10584::chr1:246938872-246939273(-),0.00024282795
88,chr19:3651::chr19:10649538-10649939(-),0.03501901
89,chr9:41660::chr9:135505474-135505875(+),0.8601599
90,chr2:17152::chr2:74537345-74537746(+),0.8316479
91,chr9:14326::chr9:99088071-99088472(+),0.31304502
92,random_sequence_148,0.115938626
93,chrX:6483::chrX:77495212-77495613(-),0.0006561571
94,shuffled_1738,0.00017848256
95,chr18:12427::chr18:2883288-2883689(-),0.04182435
96,chr13:1802::chr13:44408266-44408667(+),0.09240074
97,chr11:13648::chr11:107684406-107684807(+),0.0048393128
98,chr2:37108::chr2:96142202-96142603(-),0.9333874
99,shuffled_7709,0.004534918
100,chr3:2199::chr3:15283429-15283830(+),0.016858364
101,shuffled_6412,0.012201199
102,chr10:2340::chr10:14814756-14815157(-),0.0012553487
103,shuffled_3829,0.003275382
104,shuffled_3726,0.004199219
105,chr15:14556::chr15:75302160-75302561(+),0.56879646
106,chr19:15649::chr19:44653536-44653937(+),0.90117943
107,chr19:15073::chr19:52616636-52617037(+),0.5236878
108,chr1:2305::chr1:45693857-45694258(-),0.15531568
109,random_sequence_314,0.00027172564
110,chr2:18006::chr2:10283070-10283471(-),0.96165925
111,random_sequence_6602,0.03439649
112,chr15:2160::chr15:93039753-93040154(+),0.024454504
113,chr20:17985::chr20:35559155-35559556(+),0.91010076
114,chr5:928::chr5:134021412-134021813(+),0.018992115
115,random_sequence_6376,0.0006498307
116,shuffled_8581,0.00018664288
117,chrX:2128::chrX:135149396-135149797(-),0.018723926
118,chr17:4147::chr17:69567084-69567485(+),0.21749306
119,chr13:5385::chr13:31340802-31341203(+),0.014253986
120,random_sequence_976,5.093089e-05
121,random_sequence_2526,0.0026612978
122,chr5:13922::chr5:83600801-83601202(+),0.0016279209
123,chr14:2445::chr14:51259559-51259960(+),0.0018670842
124,chr16:31732::chr16:24573660-24574061(+),0.7361287
125,chr5:9132::chr5:180780186-180780587(-),0.04639812
126,shuffled_8605,0.0006074383
127,chr10:5506::chr10:69553658-69554059(-),0.36443678
128,chr13:11950::chr13:45721995-45722396(+),0.028074771
129,chrX:13190::chrX:151710657-151711058(+),0.70677084
130,random_sequence_5728,0.00044320253
131,chr5:12126::chr5:86635420-86635821(+),0.0037276535
132,chr5:12867::chr5:176610485-176610886(-),0.6435321
133,chr6:3151::chr6:151351272-151351673(-),0.16412318
134,chr8:25501::chr8:144257897-144258298(-),0.8318259
135,random_sequence_7679,0.0015388154
136,chr7:24111::chr7:159014566-159014967(-),0.9133024
137,chr12:30607::chr12:56637849-56638250(-),0.6906918
138,chr19:35811::chr19:48962407-48962808(+),0.7175353
139,chr4:20243::chr4:77049303-77049704(+),0.6101004
140,chr19:10479::chr19:6947521-6947922(+),0.546566
141,chr14:15351::chr14:77330620-77331021(-),0.0074586594
142,chr1:26430::chr1:205536372-205536773(+),0.85735065
143,shuffled_3598,0.40685955
144,random_sequence_5837,0.00063554686
145,chr19:34520::chr19:11086020-11086421(+),0.15058419
146,chr16:32531::chr16:10619152-10619553(-),0.8771099
147,chrX:5608::chrX:9751470-9751871(+),0.5351952
148,chr7:23545::chr7:537967-538368(-),0.85145617
149,chr18:10888::chr18:922877-923278(+),0.0006359912
150,chr8:6403::chr8:22623020-22623421(+),0.4442943
151,chr2:10026::chr2:10067155-10067556(+),0.008139478
152,chr6:5965::chr6:15229036-15229437(-),0.08732129
153,chr1:3988::chr1:226040534-226040935(-),0.049794517
154,chr11:457::chr11:57290714-57291115(-),0.21963282
155,chr1:1101::chr1:161176672-161177073(-),0.8549188
156,chr1:6518::chr1:92263630-92264031(+),0.002911815
157,chrX:10144::chrX:70513919-70514320(-),0.022991862
158,chr17:33441::chr17:30113319-30113720(+),0.23406973
159,chrX:15509::chrX:1370443-1370844(-),0.60213226
160,random_sequence_2833,0.020893674
161,chr3:5987::chr3:37041130-37041531(-),0.0016576402
162,chr4:9237::chr4:38953384-38953785(-),0.009644045
163,shuffled_5402,0.0013654121
164,chr18:14154::chr18:628412-628813(-),0.0047981623
165,chr19:14980::chr19:54430845-54431246(-),0.40891153
166,shuffled_5702,0.006790796
167,chr7:1129::chr7:40112671-40113072(-),0.6938998
168,chr11:9339::chr11:36477066-36477467(-),0.00012733034
169,chr2:16896::chr2:222560872-222561273(-),0.06834306
170,chr20:2441::chr20:21388641-21389042(-),0.19324031
171,shuffled_1469,0.0004513519
172,chr11:5718::chr11:61129677-61130078(-),0.9476732
173,chr13:13566::chr13:92886201-92886602(+),0.0022627602
174,shuffled_5601,0.22339599
175,chrX:14053::chrX:31070032-31070433(-),0.16109455
176,chr3:19123::chr3:48468565-48468966(+),0.7853321
177,chr1:2089::chr1:35173741-35174142(-),0.5302001
178,chr9:5854::chr9:63788640-63789041(-),0.00813157
179,chr16:8680::chr16:89244432-89244833(+),0.75721884
180,chrX:11831::chrX:23944691-23945092(+),0.0105278175
181,chr5:7503::chr5:34965739-34966140(+),0.022453083
182,chrY:11879::chrY:1661594-1661995(+),0.863898
183,chr9:5750::chr9:129526055-129526456(+),0.062650844
184,chr8:12969::chr8:88806938-88807339(-),0.00030415543
185,chr3:8686::chr3:46905992-46906393(+),0.018785823
186,chr19:8397::chr19:57318960-57319361(+),0.00010397231
187,chr12:31433::chr12:48640860-48641261(-),0.5440674
188,chr6:40019::chr6:7587872-7588273(+),0.7071524
189,chr16:4433::chr16:166857-167258(+),0.0040762043
190,chr12:3681::chr12:8530034-8530435(-),0.0018871796
191,chr8:25738::chr8:143407806-143408207(-),0.88603365
192,shuffled_471,0.0021708088
193,chr6:22748::chr6:44074905-44075306(-),0.970082
194,chr8:12255::chr8:17650574-17650975(+),0.28134334
195,shuffled_8021,0.0011594538
196,chr1:13513::chr1:163087667-163088068(+),7.795721e-05
197,chr19:35409::chr19:14513719-14514120(-),0.9064206
198,shuffled_5319,0.001666631
199,chr19:14108::chr19:10644524-10644925(+),0.94177115
200,chr17:13300::chr17:81135625-81136026(+),0.9558563
201,shuffled_1760,0.0031630793
202,chr5:9871::chr5:157612846-157613247(-),0.031226292
203,chr12:6474::chr12:49622744-49623145(-),0.8639747
204,chr11:5618::chr11:93729026-93729427(-),0.24271198
205,shuffled_8361,0.31204432
206,chr2:13525::chr2:102249416-102249817(+),0.0031768326
207,random_sequence_388,0.021358091
208,chr1:27494::chr1:201463120-201463521(-),0.55656356
209,chr19:5228::chr19:54349617-54350018(-),0.7632479
210,chr5:9755::chr5:171471149-171471550(+),0.06956001
211,chr3:1481::chr3:196339016-196339417(-),0.08930738
212,chr12:6056::chr12:132594102-132594503(+),0.67993796
213,chr4:2236::chr4:71040746-71041147(+),0.0116311535
214,chr10:3647::chr10:125865049-125865450(+),0.052179776
215,chr18:7409::chr18:58989494-58989895(+),0.019048972
216,chr1:431::chr1:158123294-158123695(-),0.2063367
217,chr1:4082::chr1:228111747-228112148(-),0.2782363
218,chr6:14020::chr6:37342168-37342569(+),0.06603587
219,chr1:10287::chr1:207790612-207791013(-),0.0033131167
220,chr17:5061::chr17:17493211-17493612(+),0.6297978
221,chr1:7208::chr1:30852801-30853202(-),0.5521742
222,chr6:6120::chr6:131765949-131766350(+),0.004691138
223,chr16:32454::chr16:50107645-50108046(+),0.7591797
224,chr7:903::chr7:149746978-149747379(+),0.033365905
225,random_sequence_5826,3.3707398e-05
226,random_sequence_5178,7.540291e-05
227,chr16:3511::chr16:4446413-4446814(-),0.009942474
228,chr10:8750::chr10:17917482-17917883(+),0.013355997
229,shuffled_3633,0.00022760751
230,chr19:14131::chr19:8015986-8016387(+),0.05271701
231,random_sequence_5523,0.13045232
232,chr22:13870::chr22:45914055-45914456(-),0.009433334
233,chr11:4287::chr11:57359533-57359934(-),0.6112014
234,chr20:36651::chr20:62814428-62814829(+),0.91988295
235,chr8:25792::chr8:37842348-37842749(-),0.9788393
236,shuffled_1512,0.011664489
237,chr12:10134::chr12:79942583-79942984(+),0.031712838
238,random_sequence_8385,0.0017021103
239,chr14:5422::chr14:101942593-101942994(+),0.0068406304
240,chr13:10987::chr13:52091789-52092190(+),0.001673447
241,chr4:6647::chr4:73474758-73475159(+),0.07362329
242,chr6:15039::chr6:25729137-25729538(+),0.037290964
243,shuffled_7156,0.03156778
244,chrX:15566::chrX:155244688-155245089(-),0.023516038
245,shuffled_4425,0.004804751
246,chr6:7777::chr6:151374698-151375099(+),0.16871238
247,chr15:7499::chr15:55364139-55364540(+),0.004249876
248,shuffled_7294,0.0027119683
249,chr1:8409::chr1:150539883-150540284(-),0.019787844
250,shuffled_5169,0.03539438
251,chr7:11267::chr7:71723849-71724250(+),0.21174899
252,chr19:14738::chr19:559190-559591(-),0.95976907
253,random_sequence_3403,0.0013127017
254,chr19:14561::chr19:11146833-11147234(+),0.06530834
255,chr19:660::chr19:56070539-56070940(+),0.0017473813
256,chr7:23689::chr7:66520822-66521223(-),0.89580786
257,chr2:7875::chr2:239031363-239031764(-),0.003651055
258,chr3:11911::chr3:137773123-137773524(+),0.0016624056
259,chr3:10764::chr3:167841089-167841490(+),0.01457184
260,chr11:8562::chr11:61874978-61875379(+),0.22781734
261,chr19:495::chr19:4357308-4357709(-),0.6910097
262,random_sequence_7920,0.06063322
263,chr10:2920::chr10:46597816-46598217(+),0.3720978
264,random_sequence_6683,0.011525631
265,chr6:40744::chr6:31391901-31392302(-),0.88293916
266,chr14:12739::chr14:22630848-22631249(+),0.02892891
267,chr1:1539::chr1:26944719-26945120(-),0.20936339
268,shuffled_7037,0.0018134409
269,shuffled_2711,0.008315878
270,chr12:5759::chr12:95647479-95647880(-),0.1029733
271,shuffled_1370,6.5742424e-05
272,chr9:2610::chr9:128147931-128148332(+),0.94344443
273,chr12:6651::chr12:573058-573459(+),0.8532562
274,shuffled_6900,0.012903227
275,chr16:13114::chr16:3211249-3211650(-),0.58911383
276,chr12:10702::chr12:7718659-7719060(+),0.00090036466
277,chr22:37774::chr22:37675026-37675427(+),0.500311
278,chr6:10637::chr6:10991216-10991617(+),0.0042528855
279,chr9:42028::chr9:130434341-130434742(+),0.5755967
280,chr7:7392::chr7:30480306-30480707(-),0.3671549
281,random_sequence_3583,0.007451435
282,chr6:14024::chr6:75906447-75906848(-),0.05812298
283,chr1:1757::chr1:161421850-161422251(+),0.5698482
284,chr17:1195::chr17:36649777-36650178(+),0.30366996
285,chr12:15030::chr12:110234330-110234731(+),0.020420805
286,chr12:6514::chr12:51268012-51268413(-),0.07002357
287,chr10:5245::chr10:93655065-93655466(-),0.00088735437
288,chr15:14498::chr15:59629592-59629993(-),0.5055671
289,shuffled_4885,0.011157304
290,chr11:14969::chr11:57487941-57488342(+),0.33400667
291,chr7:10214::chr7:112358862-112359263(+),0.012536541
292,chr2:4257::chr2:65303456-65303857(-),0.07253814
293,chr3:19119::chr3:48468432-48468833(+),0.57014644
294,chr17:34085::chr17:2401426-2401827(-),0.8203303
295,random_sequence_8336,0.00021304132
296,chr1:3387::chr1:167046364-167046765(-),0.7983719
297,chr11:10890::chr11:254481-254882(+),0.07041609
298,chr16:9884::chr16:20810984-20811385(+),0.30482924
299,chr9:26735::chr9:129736959-129737360(-),0.5992632
300,chr1:10547::chr1:154449608-154450009(-),0.028891414
301,chrX:3118::chrX:67945242-67945643(-),0.015388697
302,chr15:12722::chr15:39797433-39797834(+),0.040135443
303,chr19:11033::chr19:8503176-8503577(-),0.20867312
304,chr7:40204::chr7:74198090-74198491(+),0.6568144
305,shuffled_747,0.0006606355
306,chr19:36306::chr19:47606983-47607384(-),0.38468617
307,chr6:11859::chr6:30354182-30354583(+),0.0014489787
308,chr5:21414::chr5:685841-686242(+),0.7693371
309,chr11:4977::chr11:72102872-72103273(-),0.935439
310,random_sequence_766,0.0003887259
311,chrX:2338::chrX:71597793-71598194(-),0.13306114
312,chr15:546::chr15:90600876-90601277(-),0.001925575
313,chr19:9410::chr19:8788986-8789387(-),0.043039463
314,chr1:15023::chr1:17368095-17368496(+),0.5361835
315,random_sequence_2462,0.00039161014
316,chr12:3525::chr12:48801293-48801694(+),0.038652558
317,shuffled_776,0.057232738
318,chr5:11369::chr5:69232091-69232492(+),0.06383835
319,chr14:32044::chr14:60642876-60643277(-),0.8810396
320,shuffled_4405,0.0026101149
321,random_sequence_6284,0.04508499
322,chr10:4025::chr10:70196089-70196490(-),0.10076376
323,random_sequence_265,0.0007364234
324,shuffled_3129,0.0017211984
325,chr12:30429::chr12:50763366-50763767(+),0.73909247
326,shuffled_4813,0.0010734338
327,chr7:10680::chr7:141650212-141650613(-),0.17482659
328,random_sequence_2301,0.0016060749
329,chr10:10093::chr10:63158052-63158453(-),0.028150907
330,chr16:9060::chr16:82967-83368(-),0.54331434
331,shuffled_6103,0.0032863808
332,chr22:5610::chr22:23042451-23042852(-),0.011189433
333,chr1:2283::chr1:203176027-203176428(-),0.57428384
334,shuffled_5599,0.0034629672
335,chr21:14672::chr21:42462020-42462421(-),0.011141821
336,chr14:5778::chr14:69001237-69001638(+),0.6216165
337,chr11:29626::chr11:67302713-67303114(+),0.9680418
338,chr13:9367::chr13:52710086-52710487(+),0.0030774928
339,chr16:9096::chr16:772801-773202(+),0.97068596
340,chr19:35817::chr19:2054550-2054951(-),0.88910276
341,chr16:10500::chr16:86531-86932(+),0.32560405
342,chr3:39311::chr3:48595815-48596216(-),0.9236498
343,chr1:9592::chr1:55079237-55079638(+),0.026949853
344,chr8:23551::chr8:22212314-22212715(+),0.17176005
345,chr5:7028::chr5:108707764-108708165(-),0.3385118
346,chr1:1347::chr1:207797229-207797630(-),0.7373623
347,chr12:7207::chr12:107666078-107666479(+),0.063443564
348,chr8:11717::chr8:104488686-104489087(-),0.006937062
349,chr2:6104::chr2:218630485-218630886(-),0.3534012
350,chr2:37288::chr2:70132585-70132986(-),0.053224705
351,chr3:12891::chr3:44688482-44688883(+),0.030320838
352,random_sequence_809,0.08817544
353,chr7:40696::chr7:75892081-75892482(+),0.20920956
354,chr12:3284::chr12:49644467-49644868(+),0.0036733276
355,chr12:13791::chr12:54454704-54455105(-),0.024203988
356,shuffled_2300,0.00053283613
357,chr6:3210::chr6:73334897-73335298(-),0.0030945265
358,chr19:1889::chr19:49211862-49212263(+),0.025046114
359,shuffled_7606,0.0060866126
360,chr6:1050::chr6:98810620-98811021(-),0.05219526
361,chr2:18022::chr2:10285132-10285533(-),0.9050152
362,chr1:26117::chr1:145845278-145845679(+),0.80484295
363,chr17:34829::chr17:3922727-3923128(-),0.67869043
364,chrX:14713::chrX:152986172-152986573(+),0.095363535
365,chr7:4542::chr7:139023128-139023529(-),0.80211115
366,chrX:5999::chrX:149911586-149911987(-),3.6852663e-07
367,chr5:13026::chr5:170118068-170118469(+),0.0052402667
368,chr19:15983::chr19:1221772-1222173(-),0.9313246
369,chr5:6110::chr5:141836965-141837366(-),0.056191493
370,chr20:17991::chr20:35564269-35564670(+),0.9044369
371,shuffled_4960,0.049316958
372,chr10:28136::chr10:63629869-63630270(+),0.83271706
373,chr5:5342::chr5:100799111-100799512(-),0.039957516
374,shuffled_431,0.22654955
375,shuffled_5828,0.0034100837
376,chr19:15731::chr19:47226573-47226974(+),0.9533817
377,chr16:32467::chr16:18780664-18781065(-),0.2903903
378,random_sequence_3183,0.017442266
379,chr16:15091::chr16:25098207-25098608(+),0.087375045
380,chr12:5078::chr12:49780145-49780546(+),0.022247916
381,chr1:26118::chr1:95248930-95249331(+),0.41753045
382,chr19:34460::chr19:16822603-16823004(+),0.6243934
383,chrX:6221::chrX:135373013-135373414(+),0.044835072
384,chr6:22153::chr6:157221278-157221679(+),0.79489344
385,chr5:238::chr5:118818385-118818786(-),0.022853851
386,chr19:36105::chr19:45887642-45888043(-),0.4754405
387,chr12:12214::chr12:64703114-64703515(+),0.05431837
388,chr1:122::chr1:39014580-39014981(+),0.014931303
389,shuffled_6857,0.19168726
390,chr8:23845::chr8:30768711-30769112(+),0.41820616
391,chr10:14409::chr10:68697037-68697438(+),0.0062239044
392,chr17:33320::chr17:16535341-16535742(-),0.94191456
393,chr1:11024::chr1:170748636-170749037(+),0.04127354
394,chr17:33425::chr17:40816812-40817213(-),0.15058
395,chr7:5635::chr7:93124489-93124890(-),0.0006527626
396,random_sequence_1943,0.00051881466
397,random_sequence_4020,0.0027304082
398,chr5:21644::chr5:94697887-94698288(-),0.0737492
399,chr2:9946::chr2:127900689-127901090(+),0.27738217
400,chr8:8988::chr8:118175587-118175988(-),0.060375042
401,chr6:11491::chr6:88068610-88069011(+),0.0793678
402,chr12:31212::chr12:48853104-48853505(-),0.2162904
403,chr4:15087::chr4:186292773-186293174(+),0.03687016
404,random_sequence_5223,0.0013500989
405,chr3:19097::chr3:48467741-48468142(+),0.7360748
406,chr6:7035::chr6:6669268-6669669(-),0.0011135221
407,chr14:7727::chr14:24436614-24437015(-),0.45831722
408,random_sequence_4570,0.007143983
409,chr14:1181::chr14:96284386-96284787(+),0.051319826
410,random_sequence_2900,0.00041294255
411,chr11:2513::chr11:17784974-17785375(-),0.09855937
412,shuffled_7720,0.0010575408
413,chr1:14433::chr1:156799939-156800340(-),0.025688771
414,chr1:10714::chr1:13333336-13333737(+),0.14122865
415,chr5:1179::chr5:179665255-179665656(-),0.5229228
416,random_sequence_1426,0.00076783384
417,chr9:6136::chr9:24534665-24535066(-),0.00071738777
418,random_sequence_7798,0.00053963944
419,chr2:36309::chr2:161238278-161238679(+),0.88351804
420,chr10:2937::chr10:72331279-72331680(-),0.8223112
421,chr19:10730::chr19:15877722-15878123(-),0.00028463505
422,random_sequence_7503,0.0008528178
423,shuffled_2762,0.0025837945
424,chr7:40101::chr7:64835765-64836166(+),0.5646613
425,chr5:21610::chr5:150403055-150403456(+),0.3972531
426,chr7:5797::chr7:100501706-100502107(+),0.374871
427,chr1:15372::chr1:11794407-11794808(+),0.6232171
428,chr17:10827::chr17:59855353-59855754(-),0.6331698
429,chr7:5629::chr7:22889117-22889518(-),0.0050610616
430,chr8:25508::chr8:144258085-144258486(-),0.96816236
431,random_sequence_2237,0.0053416006
432,shuffled_3027,0.00691754
433,chr18:7683::chr18:13645685-13646086(-),0.025016207
434,random_sequence_8098,0.0008316816
435,random_sequence_1728,0.0013623933
436,chr8:15216::chr8:139709293-139709694(-),0.048952628
437,chr11:14105::chr11:124699195-124699596(+),0.56473815
438,chr8:15355::chr8:26732783-26733184(-),0.43651694
439,chr19:10967::chr19:35681976-35682377(+),0.33219555
440,shuffled_5318,0.032361936
441,shuffled_2149,0.011100106
442,chr5:21345::chr5:179668266-179668667(-),0.69962865
443,random_sequence_1590,0.001605266
444,random_sequence_1900,0.002380312
445,chrX:3579::chrX:56291739-56292140(+),0.07218605
446,chr7:23079::chr7:155218300-155218701(+),0.71940964
447,chr5:21636::chr5:94697828-94698229(-),0.039757255
448,chr17:6459::chr17:44356864-44357265(+),0.0001842078
449,shuffled_3929,0.005098057
450,random_sequence_6407,0.34366098
451,shuffled_3213,0.3433362
452,chr10:7653::chr10:119570087-119570488(-),0.3979977
453,chr2:3435::chr2:237922356-237922757(+),0.13750441
454,chr1:11847::chr1:220666097-220666498(+),0.13311249
455,chr6:426::chr6:111452434-111452835(+),0.004229219
456,chr1:25616::chr1:26471788-26472189(+),0.5540587
457,shuffled_2797,0.009876551
458,random_sequence_7640,2.3260553e-05
459,shuffled_7377,0.008203272
460,chrX:7186::chrX:8782183-8782584(-),0.030718446
461,shuffled_8296,0.007409498
462,chr8:13852::chr8:106753364-106753765(-),0.0016706266
463,shuffled_3578,0.03280632
464,chr11:9092::chr11:45891949-45892350(-),0.12782566
465,chr19:13500::chr19:41663720-41664121(-),0.14424065
466,chr12:30838::chr12:9143077-9143478(-),0.6604597
467,chr22:18733::chr22:38756035-38756436(+),0.9375167
468,shuffled_7204,0.59417474
469,chr1:1620::chr1:145745194-145745595(+),0.5106243
470,chr1:27559::chr1:109931171-109931572(+),0.5181793
471,chr3:11766::chr3:44141566-44141967(+),0.014248595
472,chr14:8120::chr14:23556022-23556423(-),0.5837189
473,chr2:15487::chr2:43009299-43009700(-),0.07317572
474,chr10:7065::chr10:59637879-59638280(-),0.00042345468
475,chr5:7958::chr5:80892185-80892586(+),0.03642816
476,shuffled_7741,0.0658294
477,chr12:5118::chr12:33370533-33370934(-),0.000689227
478,chr3:19682::chr3:196981123-196981524(+),0.7755626
479,random_sequence_6353,0.00024581197
480,shuffled_6904,0.0010766641
481,chr19:3532::chr19:54795871-54796272(+),0.0037729032
482,chr6:1805::chr6:27281354-27281755(-),0.05720223
483,chr8:10687::chr8:94797914-94798315(+),0.014821176
484,random_sequence_7166,0.00073086226
485,chr6:12814::chr6:28313717-28314118(+),0.0004519226
486,random_sequence_1388,0.08699205
487,chr5:13769::chr5:1049415-1049816(-),0.17792164
488,chr7:23842::chr7:44110121-44110522(-),0.9437774
489,chr17:3340::chr17:75750862-75751263(-),0.33161205
490,random_sequence_1984,0.00033469786
491,chr15:2999::chr15:98959594-98959995(-),0.045844257
492,chr22:19091::chr22:31084943-31085344(-),0.9554497
493,random_sequence_1243,0.008198695
494,random_sequence_7473,0.02510885
495,chr3:5132::chr3:187762548-187762949(+),0.0015743356
496,chr16:11689::chr16:66988090-66988491(+),0.07934923
497,chr17:11618::chr17:75127452-75127853(-),0.7641677
498,chr4:11764::chr4:25936552-25936953(+),0.13326474
499,chr12:1862::chr12:113580029-113580430(-),0.043711632
500,chr6:40065::chr6:28160375-28160776(+),0.80006754
501,shuffled_5673,0.00020709755
502,chr2:1824::chr2:150459765-150460166(-),0.0036817216
503,chr12:5993::chr12:54359263-54359664(+),0.19041112
504,chr16:9830::chr16:20808096-20808497(+),0.27872184
505,chr5:7044::chr5:71728782-71729183(+),0.19261083
506,chr17:6543::chr17:40466417-40466818(-),0.92698926
507,chr2:3639::chr2:164485896-164486297(-),0.0021884516
508,chr12:10993::chr12:105017463-105017864(-),0.34975982
509,shuffled_2457,0.0014526739
510,shuffled_5795,0.0061176964
511,chr7:65::chr7:128476231-128476632(+),0.055749346
512,chr11:7308::chr11:73937686-73938087(+),0.1666576
513,chr10:12116::chr10:93948966-93949367(-),0.006747325
514,chr4:2952::chr4:48060493-48060894(-),0.021137012
515,chr9:41748::chr9:130639562-130639963(+),0.20597287
516,shuffled_8108,0.012215665
517,chr1:27258::chr1:156457008-156457409(-),0.737789
518,shuffled_7840,0.013463089
519,chr3:2932::chr3:8583122-8583523(+),0.06173424
520,chr1:2533::chr1:169122283-169122684(-),0.015576743
521,chr3:20192::chr3:169779952-169780353(-),0.33772093
522,chr6:23213::chr6:43668709-43669110(-),0.81564206
523,chr19:3908::chr19:39279435-39279836(+),0.0016881222
524,chr22:4790::chr22:46020510-46020911(-),0.00073737017
525,chr9:26353::chr9:129006387-129006788(-),0.95698345
526,chr17:12163::chr17:59845867-59846268(+),0.7271255
527,chr17:11366::chr17:78252492-78252893(-),0.8781484
528,chr10:14895::chr10:115953963-115954364(+),0.0031313573
529,chr18:6705::chr18:62403258-62403659(+),0.0010550346
530,chr12:11868::chr12:47745475-47745876(+),0.035690337
531,chr1:28976::chr1:15833996-15834397(-),0.20699516
532,shuffled_2267,0.0068096393
533,shuffled_5895,0.0033266856
534,chr3:6250::chr3:36810959-36811360(-),0.033791713
535,chrX:1608::chrX:130379107-130379508(-),0.09316288
536,chr11:238::chr11:114001662-114002063(+),0.07592793
537,chr16:9524::chr16:810686-811087(+),0.9203801
538,chr3:7248::chr3:169806143-169806544(+),0.048508584
539,chr17:13293::chr17:81132114-81132515(+),0.97246873
540,chr2:14080::chr2:232392187-232392588(+),0.4438787
541,chr1:7904::chr1:38031759-38032160(+),0.10548018
542,chr5:39157::chr5:71569939-71570340(+),0.73470706
543,shuffled_842,0.0017487397
544,random_sequence_4204,0.0027458384
545,chr10:5929::chr10:44953404-44953805(+),0.0022920729
546,chr13:4580::chr13:49543523-49543924(+),5.4269847e-05
547,chr17:13524::chr17:81242989-81243390(+),0.9154455
548,chr6:8085::chr6:3770651-3771052(+),0.008217786
549,chr14:9761::chr14:58380386-58380787(+),0.0101906955
550,chr15:31529::chr15:80771122-80771523(+),0.6467618
551,chr17:33413::chr17:82730802-82731203(+),0.8822697
552,chr17:11903::chr17:79931873-79932274(-),0.3334967
553,chr17:202::chr17:40960872-40961273(-),0.14693654
554,chr19:14307::chr19:49631820-49632221(+),0.8090073
555,shuffled_531,0.0035398297
556,random_sequence_2777,0.07485227
557,chr6:5945::chr6:79904757-79905158(-),0.0073832534
558,chr8:2290::chr8:140643869-140644270(-),0.26626343
559,chr9:4293::chr9:113243610-113244011(-),0.15194032
560,chr17:32759::chr17:32383689-32384090(+),0.7915026
561,chr15:32212::chr15:78750847-78751248(-),0.67044467
562,shuffled_6075,0.042271636
563,chr1:3021::chr1:184135572-184135973(+),0.016697284
564,shuffled_5074,0.72656906
565,chr1:437::chr1:23001316-23001717(-),0.032337777
566,chr17:12567::chr17:80137762-80138163(+),0.16543886
567,chr4:39665::chr4:154534779-154535180(-),0.38269824
568,chr13:536::chr13:99926240-99926641(+),0.09429614
569,chr3:1921::chr3:88470610-88471011(+),0.0071271076
570,chr6:39827::chr6:43170950-43171351(+),0.8994629
571,chrX:583::chrX:11116344-11116745(-),0.1369677
572,shuffled_2730,0.0008626746
573,chr11:3360::chr11:405738-406139(+),0.960029
574,chr10:12923::chr10:43434367-43434768(+),0.8621839
575,chr17:2947::chr17:3649693-3650094(-),0.006682613
576,chr3:10798::chr3:51992978-51993379(-),0.35478434
577,random_sequence_8216,0.0012510093
578,chr2:3361::chr2:108688006-108688407(+),0.0033780404
579,chr10:10979::chr10:27190434-27190835(+),0.0039974656
580,chr1:10496::chr1:12790917-12791318(+),0.005246975
581,random_sequence_1771,0.025604015
582,chr6:13554::chr6:54962710-54963111(+),0.23578115
583,chr2:4329::chr2:23722789-23723190(+),0.0029134916
584,shuffled_1681,0.006817239
585,chr2:7700::chr2:202789474-202789875(+),0.0010672018
586,chr19:14901::chr19:54429744-54430145(-),0.87561715
587,shuffled_3308,0.0028075217
588,chr19:34490::chr19:586616-587017(+),0.9060904
589,chr9:11859::chr9:34717228-34717629(-),0.4878176
590,chr19:14766::chr19:35126705-35127106(+),0.9440721
591,chr16:9818::chr16:20807880-20808281(+),0.88172877
592,chr5:15100::chr5:146085152-146085553(+),0.31128803
593,chr13:30756::chr13:30674137-30674538(+),0.3327682
594,chr22:12991::chr22:36180868-36181269(-),0.06938706
595,chr1:2041::chr1:70253341-70253742(+),0.5847276
596,shuffled_2395,0.0005718294
597,chr17:33524::chr17:50153496-50153897(-),0.37401345
598,chr8:7832::chr8:28587090-28587491(+),0.0028544965
599,chr16:10514::chr16:2153796-2154197(-),0.93091357
600,chr15:31441::chr15:40941840-40942241(+),0.98036766
601,chr9:10311::chr9:69004949-69005350(-),0.0343754
602,chr1:9471::chr1:67412344-67412745(+),0.005934403
603,chr7:2989::chr7:135922026-135922427(-),0.47460848
604,random_sequence_6339,0.002198458
605,chr5:11605::chr5:69350627-69351028(+),0.0031680993
606,chr12:2747::chr12:31670594-31670995(-),0.015146278
607,chr18:3522::chr18:10509398-10509799(+),0.15994868
608,chr11:14294::chr11:124393878-124394279(-),0.020135958
609,chr3:10101::chr3:122130197-122130598(+),0.016199332
610,chr10:3204::chr10:21746064-21746465(+),0.93517053
611,shuffled_1086,0.0027807087
612,chr17:12362::chr17:5102982-5103383(-),0.65831774
613,chr16:10296::chr16:11806923-11807324(+),0.92829716
614,chr11:4551::chr11:8919456-8919857(-),0.156551
615,chr2:17756::chr2:99315999-99316400(-),0.8081409
616,chr2:16847::chr2:38777902-38778303(-),0.7737699
617,shuffled_8100,0.23227009
618,chr14:30899::chr14:103210221-103210622(+),0.41813222
619,chr19:14128::chr19:7779854-7780255(+),0.009945167
620,chr2:12596::chr2:66593490-66593891(+),0.23918577
621,random_sequence_17,0.056890953
622,chr5:39136::chr5:139643458-139643859(+),0.6147801
623,chr10:7233::chr10:102906419-102906820(+),0.012562007
624,chr10:2567::chr10:102231388-102231789(+),0.57855827
625,chr4:11857::chr4:87328491-87328892(-),0.0060947863
626,chr21:6259::chr21:29536005-29536406(-),0.004885888
627,chr8:3521::chr8:81648243-81648644(-),0.022267655
628,chr14:7162::chr14:73492670-73493071(+),0.8819418
629,chr1:11623::chr1:152867667-152868068(+),0.35421997
630,chr11:3729::chr11:119014069-119014470(-),0.7685768
631,chr14:7644::chr14:21500988-21501389(+),0.45228618
632,chr17:12012::chr17:82230138-82230539(-),0.8775016
633,chr12:8001::chr12:91976673-91977074(-),0.8220056
634,random_sequence_910,0.0004922266
635,chr19:13953::chr19:46835011-46835412(-),0.8458662
636,chr16:10964::chr16:72039671-72040072(-),0.10660131
637,chr17:11592::chr17:40548835-40549236(-),0.71554404
638,random_sequence_2737,0.0015704365
639,shuffled_5543,0.25697777
640,chr7:1626::chr7:143615869-143616270(+),0.0058826506
641,chr4:14836::chr4:164916543-164916944(+),0.030810142
642,random_sequence_4854,0.13011816
643,chr14:8069::chr14:20971335-20971736(-),0.35283595
644,chr4:8881::chr4:139400359-139400760(-),0.027544403
645,shuffled_7653,0.005004271
646,chr19:14284::chr19:45708246-45708647(-),0.88876677
647,chr19:9852::chr19:9193881-9194282(+),0.07337867
648,chr19:1267::chr19:19103284-19103685(-),0.7644905
649,chr3:6631::chr3:146058126-146058527(-),0.011216337
650,chr1:11246::chr1:147920535-147920936(+),0.09182553
651,chr2:5602::chr2:113211010-113211411(+),0.007421881
652,chr19:9567::chr19:17815149-17815550(-),0.0020428956
653,chr6:5910::chr6:156761417-156761818(-),0.10649004
654,chr8:4062::chr8:134844311-134844712(+),0.26804012
655,chr17:12088::chr17:59844035-59844436(+),0.23848824
656,chrX:12893::chrX:149918406-149918807(-),0.15304366
657,chr3:39321::chr3:48596078-48596479(-),0.632734
658,chr2:1172::chr2:173060185-173060586(+),0.0023129005
659,chr17:1493::chr17:81696197-81696598(-),0.039009064
660,chr2:11905::chr2:206733089-206733490(-),0.1190871
661,shuffled_5278,0.023932692
662,chr11:11280::chr11:107324857-107325258(-),0.038746234
663,random_sequence_8506,0.016894259
664,random_sequence_2202,0.005999863
665,chrX:14272::chrX:2741739-2742140(+),0.09230313
666,chr10:15352::chr10:6262151-6262552(+),0.3025735
667,chr19:15147::chr19:7483095-7483496(+),0.8843975
668,shuffled_5922,0.00071811525
669,chr19:4446::chr19:53231525-53231926(-),0.06025234
670,chr3:4718::chr3:42256823-42257224(-),0.2061588
671,chr11:2791::chr11:33120607-33121008(+),0.0011995332
672,chr16:9334::chr16:67208082-67208483(+),0.76417094
673,chr22:38445::chr22:41595443-41595844(-),0.8286847
674,random_sequence_7913,0.0054254034
675,chr10:9228::chr10:3157366-3157767(+),0.06622813
676,shuffled_906,0.00011566316
677,chr19:1082::chr19:3519559-3519960(-),0.05832069
678,chr12:6277::chr12:57111716-57112117(+),0.8528816
679,chr5:21630::chr5:141943309-141943710(+),0.91925925
680,chr18:6218::chr18:21524972-21525373(-),0.006611274
681,chr22:2097::chr22:26040715-26041116(+),0.4467308
682,chr2:36261::chr2:219427689-219428090(+),0.21645221
683,chr1:13638::chr1:108808018-108808419(-),0.013278574
684,random_sequence_3667,0.00026153115
685,chr11:14407::chr11:64978903-64979304(-),0.002757981
686,chr12:6620::chr12:10370308-10370709(-),0.75577927
687,chr4:6259::chr4:40164391-40164792(+),0.011252565
688,chr1:12227::chr1:219595991-219596392(-),0.02329884
689,chr20:11238::chr20:20025231-20025632(-),0.21167096
690,chr8:12966::chr8:11265521-11265922(-),0.094969936
691,chr7:1205::chr7:74903803-74904204(-),0.00035161106
692,shuffled_7546,0.014611868
693,chr1:13432::chr1:158368946-158369347(+),0.0022426439
694,shuffled_5983,0.008068525
695,chr12:6035::chr12:6746055-6746456(-),0.053382654
696,chr11:5293::chr11:72820686-72821087(-),0.9655973
697,chr3:38897::chr3:49882693-49883094(-),0.7451437
698,chr3:3064::chr3:129557603-129558004(+),0.1263931
699,chr1:8570::chr1:27412500-27412901(+),0.008051572
700,shuffled_3679,0.0009750336
701,chr17:12327::chr17:41236765-41237166(+),0.0001939024
702,random_sequence_4182,0.016966876
703,chr3:38009::chr3:184310149-184310550(+),0.6135529
704,chr9:26430::chr9:127803563-127803964(-),0.72995645
705,chr1:3774::chr1:16180079-16180480(+),0.102396026
706,shuffled_1647,0.011349116
707,chr17:4909::chr17:36422669-36423070(-),0.039924785
708,shuffled_8234,0.0005464672
709,chrX:5010::chrX:8466680-8467081(+),0.24372634
710,shuffled_717,0.00011101592
711,chr7:1222::chr7:29905935-29906336(-),0.0121748755
712,random_sequence_7112,0.01662965
713,chr2:37099::chr2:219170980-219171381(-),0.80689126
714,shuffled_3012,0.004584916
715,chr22:1698::chr22:24450821-24451222(+),0.10715367
716,shuffled_1409,0.00075592165
717,chr12:1910::chr12:122635344-122635745(+),0.042879723
718,shuffled_2443,0.011545585
719,random_sequence_7159,0.0014790721
720,random_sequence_6232,0.00756186
721,chr2:11511::chr2:54391267-54391668(+),0.058586143
722,shuffled_6291,0.00043775537
723,random_sequence_2682,0.0010849384
724,chr11:30137::chr11:62044574-62044975(-),0.4841895
725,chr12:6293::chr12:57744645-57745046(-),0.9321414
726,chr5:12647::chr5:67181779-67182180(+),0.071176335
727,chr19:34879::chr19:19063613-19064014(+),0.9599702
728,chr20:5181::chr20:3782777-3783178(-),0.063656405
729,chr8:41910::chr8:143815695-143816096(-),0.7429777
730,chr16:4906::chr16:27382835-27383236(+),0.054634858
731,chr19:15431::chr19:38308350-38308751(+),0.8256982
732,chr13:3878::chr13:57157213-57157614(+),0.35282716
733,chr5:9257::chr5:157330874-157331275(-),0.4617726
734,chr5:20728::chr5:180296154-180296555(+),0.8624123
735,chr6:10057::chr6:53727781-53728182(-),0.1696223
736,chrX:10503::chrX:9717982-9718383(-),0.085923694
737,chr1:26537::chr1:109786717-109787118(+),0.8792871
738,chr1:10401::chr1:28194930-28195331(-),0.011320354
739,chr19:1326::chr19:42386675-42387076(-),0.029049203
740,chr8:41504::chr8:73983033-73983434(+),0.7014213
741,random_sequence_3010,0.0047321124
742,shuffled_7333,0.004570569
743,chr13:7505::chr13:113944843-113945244(-),0.71575826
744,random_sequence_5583,0.000111146495
745,shuffled_826,0.008143057
746,chr11:11678::chr11:49134061-49134462(-),0.24269338
747,chr5:2164::chr5:100805422-100805823(-),0.0032896262
748,chr22:11508::chr22:19311563-19311964(-),0.020000737
749,chr2:17279::chr2:84832534-84832935(+),0.6866646
750,shuffled_2144,0.025487553
751,shuffled_2613,0.07839493
752,chr11:29064::chr11:67288475-67288876(+),0.8984753
753,chr18:12267::chr18:2537154-2537555(-),0.0072523444
754,chr17:12805::chr17:46772532-46772933(+),0.8571011
755,random_sequence_846,0.0025972177
756,chr5:21524::chr5:179624165-179624566(+),0.7988763
757,chr8:2318::chr8:54876026-54876427(+),0.49383393
758,chr19:36649::chr19:14476860-14477261(-),0.7158616
759,chr11:989::chr11:114390264-114390665(-),0.002624528
760,chr9:41828::chr9:136991749-136992150(+),0.78464144
761,random_sequence_6714,0.17509267
762,chr7:40210::chr7:4642475-4642876(+),0.16861399
763,shuffled_5752,0.15780458
764,chr1:27304::chr1:41495703-41496104(-),0.31059837
765,chr8:2916::chr8:11961804-11962205(-),0.020500254
766,shuffled_7932,0.064530775
767,chr10:14302::chr10:112315183-112315584(+),0.04138796
768,chr3:3633::chr3:185641769-185642170(+),0.005394024
769,chr22:11740::chr22:45902092-45902493(-),0.012823057
770,random_sequence_1835,0.0007725026
771,chr10:3503::chr10:43395783-43396184(+),0.120085694
772,chr1:5754::chr1:116769383-116769784(+),0.020352047
773,random_sequence_2160,0.020235926
774,chr8:8031::chr8:107887709-107888110(-),0.003194192
775,chr7:5031::chr7:102811481-102811882(-),0.013121423
776,shuffled_329,0.00085941085
777,chr15:4496::chr15:48705892-48706293(-),0.0035357804
778,chr19:1601::chr19:3297984-3298385(+),0.08990282
779,random_sequence_8019,2.3240282e-05
780,chr5:10391::chr5:9614722-9615123(-),0.09810834
781,chr8:5537::chr8:56060696-56061097(-),0.10499277
782,chr1:2245::chr1:205298111-205298512(+),0.95565355
783,chr8:888::chr8:143574305-143574706(-),0.42469692
784,chr2:7070::chr2:118833316-118833717(-),0.17020217
785,chr7:11562::chr7:128953042-128953443(-),0.12026209
786,shuffled_5862,0.007376979
787,chr8:3087::chr8:143403235-143403636(-),0.37530637
788,chr17:9780::chr17:53741613-53742014(-),0.06619047
789,chr11:5264::chr11:66267348-66267749(-),0.6213487
790,chr10:11271::chr10:104297991-104298392(-),0.04420061
791,shuffled_8539,0.0019029189
792,chr17:2316::chr17:56920768-56921169(+),0.003370434
793,chr16:10626::chr16:57472804-57473205(+),0.6830356
794,chr1:27550::chr1:23790840-23791241(+),0.9152769
795,chr15:29::chr15:42723114-42723515(+),0.023863358
796,chr9:7642::chr9:25674207-25674608(-),0.5636195
797,chr6:6327::chr6:32412101-32412502(+),0.005583023
798,chr11:30399::chr11:64760436-64760837(-),0.68773973
799,chr1:14062::chr1:218327485-218327886(-),0.0027644034
800,shuffled_7918,0.040339317
801,chr7:11903::chr7:39717645-39718046(+),0.003754227
802,chr1:698::chr1:231226632-231227033(+),0.0025466417
803,chr10:6934::chr10:46611712-46612113(+),0.0008600763
804,random_sequence_5923,0.00041571166
805,chr17:12287::chr17:45124102-45124503(+),0.8959557
806,chr9:12043::chr9:93689066-93689467(+),0.0007638354
807,chr1:10297::chr1:151420186-151420587(+),0.5952977
808,chr6:15120::chr6:36121489-36121890(+),0.2849897
809,chr8:14140::chr8:142657085-142657486(-),0.1168236
810,random_sequence_1195,0.004451101
811,chr3:6956::chr3:24115352-24115753(-),0.13964798
812,chr6:976::chr6:151623132-151623533(+),0.017913003
813,random_sequence_2434,0.0009066036
814,chr15:3980::chr15:65214431-65214832(-),0.20633832
815,chr1:13619::chr1:46820356-46820757(+),0.09398088
816,random_sequence_2044,0.026474113
817,chr2:16975::chr2:28342528-28342929(+),0.74412525
818,chr1:13621::chr1:71384306-71384707(-),0.00239977
819,chr8:10397::chr8:7049224-7049625(-),0.0017606098
820,chr9:25848::chr9:113371196-113371597(-),0.40186486
821,chrX:12094::chrX:141581323-141581724(-),0.019495789
822,chr20:11273::chr20:45729445-45729846(+),0.006905332
823,chr21:8142::chr21:15359313-15359714(-),0.004728853
824,random_sequence_1322,8.0064274e-05
825,chr17:13145::chr17:15986658-15987059(+),0.49280253
826,random_sequence_7684,0.00016680648
827,chr1:2172::chr1:180260081-180260482(-),0.88783646
828,random_sequence_8096,0.007864949
829,chr10:13533::chr10:74134718-74135119(+),0.0073100836
830,chr19:14952::chr19:54430536-54430937(-),0.94890803
831,chr19:9805::chr19:54028624-54029025(+),0.012773384
832,chr10:10061::chr10:68476833-68477234(-),0.49589786
833,shuffled_1085,0.0019420382
834,random_sequence_1276,0.049174108
835,chr6:22752::chr6:31841091-31841492(+),0.87451154
836,chr1:10135::chr1:213008092-213008493(+),0.0015071426
837,chr22:13101::chr22:19803361-19803762(+),0.7441915
838,chr22:38236::chr22:36481778-36482179(-),0.5353114
839,chr9:11140::chr9:132909699-132910100(+),0.10291086
840,chr2:2732::chr2:708650-709051(+),0.21788087
841,chr15:3088::chr15:63311207-63311608(+),0.005249335
842,chr14:6021::chr14:49604001-49604402(-),0.4657151
843,chr19:35505::chr19:44904266-44904667(+),0.7997142
844,chr21:3356::chr21:33085933-33086334(+),0.23523124
845,chr10:3634::chr10:119845324-119845725(+),0.0020902783
846,chr13:15109::chr13:21709688-21710089(+),0.0022870663
847,random_sequence_1776,0.0071814544
848,chr16:31816::chr16:29789965-29790366(+),0.28799254
849,chr17:11413::chr17:140305-140706(+),0.1680099
850,chr1:5715::chr1:8991915-8992316(-),0.19792941
851,random_sequence_5952,0.0014590895
852,chr9:6071::chr9:94312853-94313254(-),6.556557e-08
853,shuffled_5760,0.06143607
854,chr1:12496::chr1:159785074-159785475(+),0.04081693
855,random_sequence_7997,0.0013501418
856,chrX:42710::chrX:154443747-154444148(+),0.76635665
857,chr2:9784::chr2:8456769-8457170(-),0.45477667
858,shuffled_5614,0.016604623
859,shuffled_4414,0.13853821
860,chr15:12049::chr15:63275643-63276044(+),0.0017876982
861,chr6:10062::chr6:54267015-54267416(+),0.020149628
862,chr15:1218::chr15:37123366-37123767(+),0.15687583
863,chr5:15321::chr5:40984447-40984848(-),0.11869912
864,random_sequence_5050,0.008790742
865,chr6:9302::chr6:12305681-12306082(+),0.012312416
866,shuffled_7541,0.00075040164
867,chr10:28155::chr10:63630157-63630558(+),0.9621808
868,chr11:8953::chr11:6223400-6223801(+),0.17913486
869,chr14:12879::chr14:23333940-23334341(-),0.007293325
870,chr4:10536::chr4:87990367-87990768(-),0.0011461262
871,chr10:6133::chr10:17131149-17131550(-),0.6448781
872,shuffled_1140,0.055537023
873,random_sequence_5841,0.0032355417
874,chr4:9888::chr4:80978725-80979126(+),0.00072503503
875,shuffled_6804,0.0009981351
876,chr1:6055::chr1:110131949-110132350(+),0.117429115
877,chr13:172::chr13:100548367-100548768(+),0.4568419
878,chr4:10034::chr4:8315856-8316257(+),0.028955903
879,chr19:4344::chr19:4446906-4447307(+),0.07466926
880,chr3:38540::chr3:149389472-149389873(+),0.07040976
881,chr6:6981::chr6:35471234-35471635(+),0.09696129
882,chr11:4700::chr11:58199651-58200052(-),0.008819448
883,random_sequence_6641,0.00042216186
884,chr17:13696::chr17:37504629-37505030(-),0.0159969
885,chr10:2779::chr10:72318663-72319064(-),0.84048986
886,random_sequence_1937,0.00044031712
887,shuffled_7389,0.001987669
888,chr16:5363::chr16:30031369-30031770(+),0.48722404
889,chrX:14762::chrX:151764796-151765197(+),0.006752845
890,chrM:42432::chrM:5451-5852(+),0.023196917
891,random_sequence_2410,0.00033934
892,chr11:4109::chr11:76682355-76682756(-),0.060482748
893,shuffled_5300,0.0013997119
894,chr1:958::chr1:2195354-2195755(+),0.8297497
895,chr12:5031::chr12:55432085-55432486(+),0.0095661245
896,random_sequence_1975,0.0011287516
897,chr7:14863::chr7:156979096-156979497(-),0.043626152
898,random_sequence_2361,0.0023969575
899,chr7:23288::chr7:36455503-36455904(+),0.06105771
900,chr3:9369::chr3:119648915-119649316(+),0.098125584
901,shuffled_4633,0.00044806564
902,chr20:4070::chr20:16747191-16747592(+),0.06083048
903,shuffled_6243,0.00069577585
904,chr9:7801::chr9:125982147-125982548(+),0.0032349378
905,chr7:24980::chr7:6394738-6395139(-),0.5309817
906,chr1:4608::chr1:66988566-66988967(-),0.27256048
907,chr17:11538::chr17:28626087-28626488(+),0.060606293
908,chr11:4686::chr11:13736488-13736889(+),0.0016041314
909,shuffled_8172,0.030997302
910,random_sequence_4907,0.0015635608
911,random_sequence_3024,0.0074581294
912,chr17:10668::chr17:28349191-28349592(+),0.8692632
913,chr1:14693::chr1:64196014-64196415(+),0.009337929
914,chr12:8416::chr12:106950530-106950931(-),0.05479031
915,chr13:2081::chr13:44921163-44921564(-),0.011187192
916,chr6:5041::chr6:31526316-31526717(+),0.14149404
917,chr11:1318::chr11:6887303-6887704(-),0.01416786
918,random_sequence_6119,0.00031772017
919,shuffled_7956,0.006115625
920,chr19:16342::chr19:2478464-2478865(+),0.5307086
921,shuffled_7492,0.005272078
922,chr11:2474::chr11:7087464-7087865(+),0.0024124251
923,chr17:12802::chr17:46772518-46772919(+),0.73138714
924,chr9:9937::chr9:86934725-86935126(-),0.06383109
925,chr12:30646::chr12:124928097-124928498(-),0.60586166
926,chr16:14056::chr16:67301428-67301829(+),0.06898303
927,chr5:8711::chr5:17356440-17356841(-),0.0038503497
928,chr19:16515::chr19:19708519-19708920(-),0.9063336
929,chr4:9109::chr4:17444441-17444842(-),0.0066908584
930,chr2:37272::chr2:70132441-70132842(-),0.08677344
931,chr6:40009::chr6:125780804-125781205(+),0.42125922
932,chr1:13285::chr1:3888532-3888933(+),0.43803114
933,chr22:38364::chr22:36465066-36465467(-),0.8658574
934,chr18:12584::chr18:62997805-62998206(+),0.006459087
935,shuffled_7679,0.0004821224
936,chr12:10245::chr12:18682295-18682696(-),0.233619
937,chr2:9068::chr2:85060935-85061336(+),0.008920771
938,chr17:14991::chr17:150336-150737(+),0.11005481
939,chr5:4420::chr5:53490622-53491023(+),0.007578004
940,chr5:3637::chr5:40497347-40497748(-),0.039795026
941,chrX:27133::chrX:129790775-129791176(-),0.9060777
942,chr4:11682::chr4:73883776-73884177(+),0.36605388
943,chr19:14368::chr19:45705590-45705991(+),0.77553755
944,chr20:6303::chr20:45176563-45176964(+),0.010852309
945,chr6:5731::chr6:104483931-104484332(-),0.107780136
946,random_sequence_4606,0.0002807837
947,chr19:15534::chr19:5781022-5781423(-),0.86770946
948,chr4:2283::chr4:110018930-110019331(+),0.005038853
949,shuffled_2404,0.2812004
950,random_sequence_3089,0.00024453318
951,chr12:30655::chr12:124938522-124938923(-),0.49862656
952,chr3:8660::chr3:161333265-161333666(-),0.036201496
953,shuffled_2581,0.057967473
954,shuffled_1385,0.00017345345
955,chr17:12462::chr17:2042675-2043076(-),0.6160029
956,random_sequence_3104,0.0010249096
957,chr3:11858::chr3:40263472-40263873(+),0.006179376
958,chr3:8577::chr3:127056296-127056697(+),0.4347062
959,shuffled_2469,0.02344806
960,chr16:31840::chr16:1705680-1706081(+),0.13852632
961,chr6:3671::chr6:26257922-26258323(-),0.091277525
962,chr3:6113::chr3:70946727-70947128(-),0.040704653
963,shuffled_7968,0.002099425
964,random_sequence_4025,0.02004433
965,shuffled_4549,3.8322567e-05
966,shuffled_2130,0.02297533
967,random_sequence_5084,0.007893409
968,random_sequence_2812,0.00042231358
969,chr1:7650::chr1:209613055-209613456(-),0.13468523
970,chr2:9785::chr2:106389879-106390280(-),0.0009263277
971,random_sequence_1635,0.00026438036
972,chr15:5662::chr15:87063016-87063417(+),0.007966073
973,chr15:14380::chr15:24701887-24702288(+),0.0032908376
974,shuffled_1751,0.0007603183
975,chr17:34102::chr17:2402342-2402743(-),0.62594944
976,chr3:1149::chr3:197903644-197904045(+),0.11594465
977,chrX:9152::chrX:103977376-103977777(+),0.16076823
978,random_sequence_2766,0.009143256
979,random_sequence_4122,0.0016677771
980,shuffled_7608,0.010464013
981,chr18:2963::chr18:818451-818852(+),0.003831271
982,chr10:6544::chr10:47495650-47496051(-),0.5340711
983,chr8:11574::chr8:6395381-6395782(-),0.14314775
984,random_sequence_4014,0.00084697886
985,chr10:8418::chr10:101831655-101832056(+),0.009894738
986,chr9:25877::chr9:83647429-83647830(-),0.9058871
987,random_sequence_2686,0.0020029328
988,chr20:14340::chr20:63637375-63637776(-),0.016760087
989,chrX:4164::chrX:53513352-53513753(-),0.0049262885
990,chr15:8316::chr15:82833659-82834060(-),0.3790296
991,random_sequence_2856,0.000965427
992,chr4:1144::chr4:158918012-158918413(+),0.2063859
993,random_sequence_4582,0.0019964399
994,chr19:2280::chr19:45603361-45603762(-),0.050426662
995,chr12:29969::chr12:6771384-6771785(+),0.45051008
996,random_sequence_5452,0.0019300936
997,chr16:9455::chr16:522095-522496(-),0.90740746
998,chr14:7930::chr14:102079552-102079953(-),0.18308678
999,chr16:32458::chr16:81713563-81713964(+),0.8265602
1000,chr4:20569::chr4:185377303-185377704(+),0.55687344
1001,chr20:8877::chr20:37242082-37242483(-),0.8154996
1002,chr9:3325::chr9:134447341-134447742(+),0.25474057
1003,shuffled_2902,0.24071176
1004,chr22:37414::chr22:30981190-30981591(+),0.58489
1005,shuffled_627,0.0044518365
1006,chr4:7488::chr4:139491583-139491984(+),0.079959355
1007,chr4:6811::chr4:88730571-88730972(+),0.0026787543
1008,chr15:10761::chr15:40782443-40782844(+),0.7184551
1009,chr6:21879::chr6:109448009-109448410(+),0.86024636
1010,chr8:41309::chr8:144508560-144508961(+),0.9079455
1011,random_sequence_3164,0.022550728
1012,chr5:13694::chr5:176887506-176887907(+),0.48324257
1013,chr10:2905::chr10:72329568-72329969(-),0.8121964
1014,chr3:3709::chr3:112595523-112595924(-),0.0032317638
1015,chr8:4724::chr8:9122824-9123225(-),0.07965396
1016,chr19:14481::chr19:7099203-7099604(+),0.89946747
1017,chr1:1291::chr1:6246319-6246720(-),0.841586
1018,chr19:12354::chr19:55259271-55259672(-),0.6426774
1019,chr9:9108::chr9:62843840-62844241(-),0.028685039
1020,chr2:36934::chr2:190880276-190880677(-),0.64967215
1021,chr7:8159::chr7:6815776-6816177(+),0.17750105
1022,chr3:14226::chr3:191471892-191472293(+),0.039635636
1023,shuffled_1585,0.00032581337
1024,chr6:12988::chr6:157218210-157218611(+),0.3050972
1025,chr3:5602::chr3:112103231-112103632(-),0.11745266
1026,shuffled_7867,0.0013430512
1027,shuffled_8409,0.00038250355
1028,chr8:1077::chr8:70103009-70103410(-),0.0033474695
1029,shuffled_4757,0.03593675
1030,chr4:38682::chr4:122764234-122764635(+),0.14486249
1031,chr16:8604::chr16:29929171-29929572(+),0.34933004
1032,chr9:42260::chr9:33617241-33617642(+),0.7999563
1033,chr17:11560::chr17:31849663-31850064(-),0.7392172
1034,chr3:14217::chr3:115728644-115729045(+),0.06368648
1035,shuffled_5012,0.026625108
1036,chr22:19282::chr22:41830712-41831113(-),0.9119015
1037,chr9:24503::chr9:135920653-135921054(+),0.6698843
1038,chr1:28229::chr1:111429506-111429907(-),0.5575379
1039,chr1:28626::chr1:111437240-111437641(-),0.81970644
1040,chr2:3949::chr2:10052727-10053128(-),0.021127477
1041,chr3:2119::chr3:49265977-49266378(-),0.00391655
1042,chr15:3262::chr15:74053267-74053668(-),0.005558512
1043,chr5:7970::chr5:138556492-138556893(+),0.00035558877
1044,chr17:33823::chr17:82076254-82076655(-),0.5823789
1045,chr3:39032::chr3:197647145-197647546(-),0.5492612
1046,chrX:6985::chrX:134440385-134440786(+),0.006609545
1047,random_sequence_6923,0.0004069757
1048,chr8:41012::chr8:42335128-42335529(+),0.6446153
1049,random_sequence_6625,0.0018290322
1050,chr3:20105::chr3:138484294-138484695(-),0.93153524
1051,chr19:34866::chr19:19063353-19063754(+),0.89825076
1052,shuffled_6571,0.006241834
1053,shuffled_2219,0.00044051147
1054,chr20:1840::chr20:57586694-57587095(-),0.012061526
1055,chr9:26113::chr9:99389091-99389492(-),0.8196379
1056,chr19:4110::chr19:34726105-34726506(-),0.22602835
1057,chrX:2242::chrX:107979845-107980246(-),0.0035781846
1058,chr16:9281::chr16:67205535-67205936(+),0.21089152
1059,chr12:13685::chr12:76044663-76045064(+),0.0015150493
1060,chrX:42745::chrX:47650872-47651273(-),0.8482143
1061,chrX:2701::chrX:107244653-107245054(+),0.116650626
1062,chr22:38548::chr22:43038486-43038887(-),0.1014884
1063,chr7:12160::chr7:73040404-73040805(-),0.2396178
1064,random_sequence_4250,0.0031152505
1065,chr9:26233::chr9:129093402-129093803(-),0.7303457
1066,chr16:14411::chr16:74437527-74437928(-),0.003429106
1067,random_sequence_6538,0.00024603336
1068,chr15:8723::chr15:89776319-89776720(-),0.9622957
1069,chrX:8366::chrX:75361784-75362185(-),0.08949379
1070,chr14:7484::chr14:103540285-103540686(+),0.8875006
1071,chr12:13477::chr12:40376605-40377006(+),0.0015517434
1072,chr10:15181::chr10:69978152-69978553(+),0.67764765
1073,chr15:10221::chr15:40523038-40523439(-),0.104669526
1074,chr11:8454::chr11:69684604-69685005(-),0.68968755
1075,chr8:3203::chr8:7309257-7309658(+),0.14672825
1076,chr8:14960::chr8:478708-479109(-),0.47094402
1077,shuffled_7268,1.01215e-05
1078,shuffled_1713,0.00022436099
1079,chr19:16097::chr19:1226340-1226741(-),0.7104883
1080,shuffled_954,0.0050375024
1081,chr21:5343::chr21:43404800-43405201(-),0.26958314
1082,chr16:7555::chr16:23381331-23381732(+),0.62342334
1083,chr4:3853::chr4:139026386-139026787(-),0.12126549
1084,chr10:3035::chr10:122980248-122980649(-),0.9430169
1085,chr16:14316::chr16:85683089-85683490(+),0.34389338
1086,random_sequence_712,0.14322183
1087,random_sequence_2353,0.0039988593
1088,chr7:13854::chr7:107724892-107725293(-),0.020220345
1089,shuffled_2189,0.00026202487
1090,chr10:10009::chr10:125766529-125766930(+),0.0016457379
1091,shuffled_5630,0.0012816279
1092,random_sequence_690,0.0089112455
1093,shuffled_1354,0.0014428283
1094,shuffled_4310,0.013063286
1095,chr5:7635::chr5:62633795-62634196(+),0.0015865695
1096,shuffled_6109,0.00016377098
1097,chr6:23107::chr6:43666497-43666898(-),0.22120698
1098,chr3:19867::chr3:50120537-50120938(+),0.44575658
1099,chr10:4529::chr10:6267548-6267949(+),0.8499098
1100,chr16:33091::chr16:18801623-18802024(-),0.97463477
1101,random_sequence_3736,0.0013504599
1102,chr4:7002::chr4:107925201-107925602(+),0.31755787
1103,chr9:8535::chr9:133314510-133314911(-),0.051967986
1104,chr15:11449::chr15:21844748-21845149(-),0.88877517
1105,chr5:2723::chr5:126507064-126507465(+),0.07662761
1106,random_sequence_5913,0.004294227
1107,shuffled_8190,0.016235618
1108,chr22:3906::chr22:20237101-20237502(-),0.61086285
1109,shuffled_5400,0.0015164012
1110,chr15:3888::chr15:20824350-20824751(-),0.00091320474
1111,chr19:14512::chr19:42279932-42280333(-),0.71134275
1112,chr17:13987::chr17:47882327-47882728(-),0.24439177
1113,chr2:17627::chr2:232475930-232476331(-),0.90940154
1114,shuffled_3714,0.014375073
1115,chr17:7241::chr17:48984533-48984934(-),0.05226922
1116,chr16:7102::chr16:57264954-57265355(+),0.7771324
1117,chr9:1811::chr9:72849353-72849754(+),0.00075527804
1118,chr2:9414::chr2:68114524-68114925(-),0.6157732
1119,chr12:31116::chr12:9148363-9148764(-),0.24400136
1120,random_sequence_434,0.00045337848
1121,chr16:9833::chr16:20808188-20808589(+),0.8299716
1122,random_sequence_5046,0.0001473531
1123,random_sequence_6007,0.00020416666
1124,shuffled_2411,0.014298966
1125,chr3:11622::chr3:125985431-125985832(+),0.022112336
1126,chrX:8848::chrX:149730851-149731252(+),0.034124862
1127,chr14:31710::chr14:24141898-24142299(-),0.8540236
1128,random_sequence_5603,0.0268283
1129,chr10:10576::chr10:117561782-117562183(+),0.17855425
1130,chr1:7266::chr1:190090843-190091244(-),0.00083182345
1131,chr14:10539::chr14:69771637-69772038(-),0.004595046
1132,random_sequence_6657,3.055944e-05
1133,random_sequence_1988,8.380331e-05
1134,chr9:14950::chr9:72344995-72345396(-),0.006812197
1135,chr13:9487::chr13:41240467-41240868(+),0.0003863348
1136,chr6:14113::chr6:36978583-36978984(+),0.15061316
1137,chr14:7712::chr14:103519178-103519579(-),0.6404213
1138,chr12:11168::chr12:98609223-98609624(-),0.304843
1139,random_sequence_95,0.004792758
1140,shuffled_4528,0.011919879
1141,chr17:33124::chr17:78144711-78145112(+),0.9423785
1142,chr3:9122::chr3:20166216-20166617(+),0.0048908526
1143,chr11:1895::chr11:78637054-78637455(-),0.000514183
1144,chr19:14364::chr19:55777758-55778159(-),0.021137878
1145,chr19:5155::chr19:9954991-9955392(-),3.8597074e-05
1146,chr9:42303::chr9:136400572-136400973(-),0.6775924
1147,random_sequence_2082,0.007151586
1148,shuffled_339,0.016733494
1149,shuffled_3932,0.0019413106
1150,chr5:3772::chr5:115918166-115918567(+),0.00091532775
1151,random_sequence_1329,0.20159487
1152,chr1:2197::chr1:150263147-150263548(-),0.85695916
1153,chr3:20243::chr3:150540789-150541190(-),0.11744879
1154,chr14:3944::chr14:103911609-103912010(-),0.059154678
1155,chrX:8700::chrX:154637339-154637740(-),0.005419567
1156,chr17:13272::chr17:19659411-19659812(-),0.44583693
1157,chr5:2488::chr5:179608706-179609107(-),0.0070076613
1158,chr10:15254::chr10:72287681-72288082(+),0.013784234
1159,chr3:8282::chr3:122520313-122520714(-),0.027061895
1160,chr5:21361::chr5:179673657-179674058(-),0.1846879
1161,random_sequence_5860,0.00046667954
1162,chr6:328::chr6:3011286-3011687(-),0.024266584
1163,chr14:13092::chr14:100297941-100298342(+),0.35266656
1164,chrX:42772::chrX:154483127-154483528(-),0.8057362
1165,chr3:13795::chr3:196597182-196597583(+),0.12521306
1166,random_sequence_2264,0.01660897
1167,chr3:10155::chr3:25808329-25808730(+),0.008869316
1168,shuffled_8083,0.0005982058
1169,chrY:3295::chrY:1611261-1611662(+),0.49496952
1170,random_sequence_2171,0.0005711928
1171,chr16:32536::chr16:10619189-10619590(-),0.95842683
1172,chr16:5467::chr16:58691370-58691771(-),0.012170081
1173,chr5:6937::chr5:75058767-75059168(-),0.034251712
1174,shuffled_5769,0.00097377587
1175,random_sequence_5278,0.026718292
1176,shuffled_5102,0.009071516
1177,chr10:1331::chr10:31194931-31195332(-),0.030402869
1178,chr22:18765::chr22:38756495-38756896(+),0.3307683
1179,chr12:6090::chr12:93391967-93392368(-),0.101412915
1180,chr1:12730::chr1:93987023-93987424(-),0.006606589
1181,shuffled_22,0.0009042517
1182,chr21:15391::chr21:31666641-31667042(-),0.0005809451
1183,chr5:7317::chr5:5384401-5384802(-),0.27692464
1184,chr16:32861::chr16:363880-364281(-),0.9592279
1185,chr1:1943::chr1:943807-944208(-),0.95747125
1186,chr7:23644::chr7:66516178-66516579(-),0.7968492
1187,chr1:12449::chr1:42162410-42162811(-),0.40493888
1188,random_sequence_6634,0.006133468
1189,chr3:38931::chr3:127569682-127570083(-),0.95465183
1190,chr14:1588::chr14:20704864-20705265(+),0.03098973
1191,shuffled_414,0.21408081
1192,chr9:41784::chr9:134864021-134864422(+),0.39407942
1193,shuffled_8080,0.00026089518
1194,chr8:10751::chr8:38125630-38126031(-),0.0007510536
1195,chr20:8469::chr20:38943187-38943588(-),0.05995939
1196,random_sequence_2964,0.009258391
1197,chrX:16::chrX:154332802-154333203(-),0.2249778
1198,chr19:779::chr19:40445342-40445743(-),0.02122995
1199,chr6:2250::chr6:27352805-27353206(-),0.004306522
1200,chr1:1643::chr1:197020272-197020673(+),0.0031495919
1201,chr17:13372::chr17:41823243-41823644(+),0.4231937
1202,chr4:6315::chr4:125506129-125506530(+),0.0005631185
1203,shuffled_3550,0.03555525
1204,chr17:33798::chr17:1649830-1650231(-),0.86410016
1205,random_sequence_4859,0.0014368517
1206,shuffled_5446,0.023061056
1207,chr12:5314::chr12:6336717-6337118(+),0.030253898
1208,random_sequence_6906,0.014088052
1209,chr1:14163::chr1:245709514-245709915(+),0.077222444
1210,random_sequence_7039,0.004613411
1211,chr6:6839::chr6:2647377-2647778(-),0.16702315
1212,chr11:10303::chr11:102690784-102691185(-),0.025366405
1213,chr15:10841::chr15:22099149-22099550(+),0.29543537
1214,chr8:6025::chr8:89527566-89527967(-),0.002470419
1215,chr11:29019::chr11:62156028-62156429(+),0.044522833
1216,random_sequence_1863,0.0047848043
1217,chr17:12647::chr17:58344330-58344731(-),0.47777683
1218,chr11:13577::chr11:118139242-118139643(+),0.08832855
1219,chr8:25736::chr8:143407802-143408203(-),0.9366554
1220,chr17:3779::chr17:28228860-28229261(+),0.0056696944
1221,random_sequence_3515,0.009840337
1222,chr11:6982::chr11:119347238-119347639(-),0.01811366
1223,shuffled_1463,0.0032049145
1224,chr5:7492::chr5:174532723-174533124(+),0.30269152
1225,chr15:4569::chr15:70814470-70814871(-),0.68919075
1226,random_sequence_2929,0.0004957365
1227,shuffled_3771,0.6372174
1228,chr9:42539::chr9:128660566-128660967(-),0.4675184
1229,chr9:10459::chr9:4671066-4671467(-),0.07865843
1230,chr14:8685::chr14:102225838-102226239(+),0.7460016
1231,random_sequence_171,0.20872441
1232,shuffled_3906,0.0014712772
1233,chr17:33726::chr17:19724354-19724755(-),0.8981677
1234,chr1:1642::chr1:162814633-162815034(+),0.025790995
1235,chr19:35865::chr19:2058430-2058831(-),0.7405506
1236,shuffled_6872,0.005452764
1237,chr6:12748::chr6:79251774-79252175(+),0.025925536
1238,chr17:10571::chr17:8471346-8471747(-),0.1192387
1239,chr22:19304::chr22:38481645-38482046(-),0.14543849
1240,chr15:9205::chr15:34239018-34239419(+),0.00896184
1241,chr6:1645::chr6:1326319-1326720(+),0.13805345
1242,random_sequence_3238,0.015717939
1243,chr1:14933::chr1:37599785-37600186(-),0.029937554
1244,chrX:12232::chrX:1366413-1366814(-),0.028876478
1245,chr1:1388::chr1:100152621-100153022(+),0.61006093
1246,chr8:12927::chr8:56298226-56298627(-),0.015035883
1247,chr7:3235::chr7:150819191-150819592(+),0.0013211549
1248,chr22:8978::chr22:40421274-40421675(+),0.015083596
1249,random_sequence_1912,0.0057604974
1250,chr11:5316::chr11:119614847-119615248(-),0.035239507
1251,chr8:12098::chr8:119116924-119117325(+),0.0005647322
1252,chr1:9709::chr1:227902302-227902703(-),0.8352852
1253,chr15:894::chr15:70031511-70031912(-),0.05193717
1254,chr2:5718::chr2:73682966-73683367(-),0.019392375
1255,chr3:9348::chr3:165857917-165858318(+),0.0042537614
1256,chr20:5561::chr20:31818030-31818431(+),0.11248259
1257,chr7:6317::chr7:50428573-50428974(-),0.0032606348
1258,random_sequence_6844,0.011778126
1259,chr17:6881::chr17:61583091-61583492(-),0.01914359
1260,chr2:4571::chr2:162157516-162157917(-),0.0077621117
1261,chr17:14941::chr17:40465791-40466192(+),0.1446207
1262,chr2:9349::chr2:181882652-181883053(-),0.47506374
1263,chr18:12992::chr18:46129064-46129465(+),0.006894801
1264,chr11:5589::chr11:56991877-56992278(+),0.024192635
1265,chr19:36621::chr19:291732-292133(-),0.24746935
1266,chr2:11931::chr2:233824895-233825296(-),0.12260808
1267,chr11:4445::chr11:67400798-67401199(+),0.6411104
1268,chr9:569::chr9:89006453-89006854(+),0.004105813
1269,chr21:112::chr21:30799497-30799898(-),0.03936041
1270,chr14:7164::chr14:73492921-73493322(+),0.36021605
1271,random_sequence_8544,0.000152171
1272,chr1:12329::chr1:156396820-156397221(-),0.028169012
1273,chr4:13041::chr4:65310225-65310626(-),0.0002005358
1274,chr9:11748::chr9:112939323-112939724(-),0.15988544
1275,chr5:21467::chr5:179676836-179677237(-),0.30955893
1276,chrX:3892::chrX:133526709-133527110(-),0.039252125
1277,chr14:6294::chr14:49919643-49920044(-),0.44358397
1278,chr22:5736::chr22:41512770-41513171(-),0.6572255
1279,chr1:14449::chr1:184779136-184779537(-),0.18167068
1280,chr11:30267::chr11:47177048-47177449(-),0.4744668
1281,chr3:13690::chr3:197648622-197649023(-),0.6214261
1282,chr3:11154::chr3:12874823-12875224(+),0.008524556
1283,chr19:7688::chr19:19982611-19983012(+),0.026661655
1284,chr19:10482::chr19:51674372-51674773(-),0.0002317979
1285,chr16:10542::chr16:3648809-3649210(-),0.3368396
1286,chr11:15179::chr11:68709716-68710117(+),0.08327711
1287,chr5:10881::chr5:61143475-61143876(-),0.0106699895
1288,chr10:14886::chr10:68343681-68344082(+),0.013164654
1289,chr19:14459::chr19:42278326-42278727(-),0.7846815
1290,chr14:12080::chr14:77333231-77333632(+),0.00686914
1291,chr16:9692::chr16:11344533-11344934(-),0.47698087
1292,shuffled_5231,0.00162994
1293,random_sequence_4352,0.0033067309
1294,chr6:414::chr6:37057948-37058349(+),0.11327003
1295,shuffled_461,0.0024188808
1296,chr4:5111::chr4:48045720-48046121(+),0.03810586
1297,random_sequence_3687,0.0011195779
1298,chr11:3629::chr11:66017532-66017933(+),0.87206936
1299,chr3:8118::chr3:48306515-48306916(+),0.046677936
1300,chr17:12692::chr17:39675058-39675459(+),0.56869686
1301,chr5:21708::chr5:6369475-6369876(-),0.3347433
1302,chrX:8065::chrX:74716289-74716690(-),0.022157084
1303,random_sequence_2859,0.0030646578
1304,chr11:10790::chr11:1271525-1271926(+),0.14159694
1305,chr22:18912::chr22:23896602-23897003(+),0.76037836
1306,random_sequence_7067,0.0002138158
1307,random_sequence_4712,0.09931899
1308,chr8:25655::chr8:69653449-69653850(-),0.5699842
1309,chr7:12732::chr7:87912449-87912850(+),0.05078258
1310,chr11:5044::chr11:62770585-62770986(-),0.9183754
1311,chr2:1312::chr2:131535554-131535955(+),0.025370028
1312,chr17:6462::chr17:10619008-10619409(-),0.5073689
1313,chr19:36122::chr19:57569191-57569592(-),0.7134199
1314,random_sequence_4057,0.0009845895
1315,chr19:14825::chr19:49653895-49654296(-),0.058121167
1316,chr19:9351::chr19:53593336-53593737(+),0.019830985
1317,chr4:11596::chr4:1822145-1822546(+),0.2933135
1318,chr1:1830::chr1:59986468-59986869(-),0.010652233
1319,chr17:12256::chr17:39762681-39763082(+),0.92883205
1320,chr1:1040::chr1:1316881-1317282(+),0.7664262
1321,chr7:12466::chr7:128960892-128961293(+),0.007104301
1322,chrX:5915::chrX:41292972-41293373(+),0.0019568778
1323,chr19:1885::chr19:47873998-47874399(+),0.22140941
1324,random_sequence_868,0.004785137
1325,random_sequence_3874,0.005214497
1326,chr7:5899::chr7:154952091-154952492(+),0.017450497
1327,chr5:39098::chr5:139640086-139640487(+),0.97171843
1328,chr13:10839::chr13:27047963-27048364(-),0.3018016
1329,chr11:5040::chr11:126262105-126262506(-),0.8128141
1330,chr19:14035::chr19:38878201-38878602(-),0.5495032
1331,chr17:7927::chr17:43788075-43788476(+),0.002083522
1332,chr4:481::chr4:106908597-106908998(-),0.0006947455
1333,random_sequence_5144,0.015179321
1334,chr17:1500::chr17:41150161-41150562(-),0.0015771601
1335,shuffled_6937,0.0009111293
1336,random_sequence_570,0.00027317385
1337,chr13:3315::chr13:43804147-43804548(-),0.021927403
1338,shuffled_4232,0.19314921
1339,shuffled_2732,0.00016786123
1340,chr16:6861::chr16:84457767-84458168(-),0.008090606
1341,chr13:4784::chr13:41482320-41482721(+),0.5371684
1342,chr7:24612::chr7:43865765-43866166(-),0.5471301
1343,shuffled_2204,0.0034662038
1344,random_sequence_5110,0.05224971
1345,chr16:11017::chr16:1090276-1090677(+),0.9362911
1346,random_sequence_7966,0.00016037503
1347,chr11:30318::chr11:72678306-72678707(-),0.9114418
1348,chr12:5145::chr12:117143219-117143620(+),0.05471555
1349,chr1:15260::chr1:156787046-156787447(-),0.10911341
1350,chr22:6569::chr22:30990353-30990754(+),0.23294826
1351,chrX:3684::chrX:103235728-103236129(+),0.00069795956
1352,chr10:3036::chr10:97889487-97889888(+),0.96619165
1353,chr16:8697::chr16:89244747-89245148(+),0.89385283
1354,chr20:9976::chr20:44569093-44569494(-),0.05144369
1355,chr1:3152::chr1:51285621-51286022(+),0.1547263
1356,chr16:32786::chr16:87870356-87870757(-),0.72183293
1357,chr13:7026::chr13:113849103-113849504(+),0.8977779
1358,chr19:34730::chr19:30052575-30052976(+),0.8445541
1359,random_sequence_1369,0.006088396
1360,chr16:3496::chr16:53488578-53488979(-),0.00038240664
1361,chr9:11883::chr9:104606810-104607211(-),0.016758803
1362,chr11:3500::chr11:642609-643010(+),0.9282297
1363,chr2:6244::chr2:231716858-231717259(-),0.012130472
1364,chr15:31281::chr15:37110344-37110745(+),0.930112
1365,chr1:4742::chr1:244723758-244724159(+),0.44311
1366,chr7:1924::chr7:39510121-39510522(+),0.00019923548
1367,chr1:1992::chr1:171618271-171618672(-),0.0038841255
1368,shuffled_1072,0.013119402
1369,chr6:10352::chr6:116487154-116487555(-),0.22189935
1370,chr9:10810::chr9:91545061-91545462(-),0.00092006393
1371,chr17:8878::chr17:40343714-40344115(-),0.25891605
1372,chr6:14440::chr6:10713382-10713783(+),0.008678621
1373,chr14:7149::chr14:73492090-73492491(+),0.3283239
1374,chr4:14687::chr4:68522683-68523084(-),0.12656033
1375,shuffled_5203,0.0017338775
1376,shuffled_6933,0.00018549213
1377,shuffled_3034,0.33103973
1378,chr19:4418::chr19:58419185-58419586(+),0.20853595
1379,chr15:11781::chr15:79822092-79822493(-),0.017155472
1380,random_sequence_3287,0.0014383992
1381,random_sequence_3508,0.00072659546
1382,chr17:32771::chr17:32385085-32385486(+),0.48918954
1383,chr2:17841::chr2:231451879-231452280(-),0.2828756
1384,chr10:6606::chr10:46020801-46021202(+),0.04279362
1385,chr2:3924::chr2:73817354-73817755(+),0.0015456888
1386,random_sequence_6432,0.00408193
1387,chr15:7165::chr15:30951341-30951742(+),0.0019911253
1388,random_sequence_2140,0.0074061593
1389,chr12:29700::chr12:7159957-7160358(+),0.9153036
1390,shuffled_6420,0.0013717654
1391,chr1:5456::chr1:46618628-46619029(-),0.69841415
1392,shuffled_8093,0.003852453
1393,random_sequence_4168,0.027343357
1394,chr13:15193::chr13:21197787-21198188(+),0.027253717
1395,chr15:7002::chr15:90616230-90616631(-),0.11720067
1396,shuffled_5955,0.0007151814
1397,chr6:6836::chr6:36733363-36733764(-),0.2203795
1398,chrX:42607::chrX:119877319-119877720(+),0.8687266
1399,random_sequence_964,0.001900645
1400,random_sequence_5109,0.0009055912
1401,chr11:4658::chr11:73973097-73973498(-),0.72788185
1402,chr19:3172::chr19:55522022-55522423(-),0.009157544
1403,chr6:39500::chr6:33410072-33410473(+),0.4641654
1404,chr21:301::chr21:37592994-37593395(-),0.26269135
1405,chr17:12471::chr17:81182102-81182503(-),0.87837344
1406,chr19:15932::chr19:1221182-1221583(-),0.7584589
1407,chr4:4817::chr4:6704509-6704910(-),0.0043861903
1408,chr7:1500::chr7:65805815-65806216(+),0.001853778
1409,chr1:99::chr1:16013252-16013653(-),0.91202
1410,shuffled_5018,0.013205623
1411,chr8:3624::chr8:94864805-94865206(-),0.0041262796
1412,random_sequence_5244,0.004108529
1413,chr11:3949::chr11:10527364-10527765(+),0.88653755
1414,chr14:12126::chr14:93229587-93229988(-),0.018369285
1415,random_sequence_7988,0.028484965
1416,chr16:9006::chr16:19083694-19084095(+),0.3508119
1417,random_sequence_6107,0.011974981
1418,shuffled_2391,0.06469579
1419,chr6:2614::chr6:70853105-70853506(-),0.02184296
1420,chr13:12133::chr13:24717889-24718290(+),0.23016822
1421,chr3:2093::chr3:46514228-46514629(-),0.15165439
1422,chr7:9109::chr7:150579358-150579759(+),0.0012321598
1423,chr12:8056::chr12:53481133-53481534(+),0.003747362
1424,random_sequence_6006,0.04322218
1425,chr16:31711::chr16:2474058-2474459(+),0.60562354
1426,chr16:984::chr16:22919438-22919839(+),0.015854742
1427,random_sequence_8209,0.000352196
1428,random_sequence_807,0.01170497
1429,chr4:20391::chr4:82462268-82462669(+),0.10822854
1430,chr7:24205::chr7:159025764-159026165(-),0.1878862
1431,random_sequence_4236,0.024986872
1432,chr17:12222::chr17:59853992-59854393(+),0.80751896
1433,chr20:17978::chr20:35559147-35559548(+),0.93411523
1434,chr8:7733::chr8:141373826-141374227(-),0.08489492
1435,chr9:10543::chr9:35598725-35599126(-),0.015441338
1436,shuffled_5214,0.005716806
1437,random_sequence_5001,0.041210286
1438,chr7:1454::chr7:23285792-23286193(+),0.20003478
1439,random_sequence_2011,0.004621735
1440,chr19:35167::chr19:39185344-39185745(+),0.9702484
1441,chr4:20253::chr4:6643298-6643699(+),0.6937834
1442,chr2:14244::chr2:97491653-97492054(-),0.23855002
1443,chr7:24120::chr7:159014665-159015066(-),0.26057324
1444,chr17:11839::chr17:39219986-39220387(+),0.20659551
1445,chr5:7585::chr5:116080159-116080560(-),0.714417
1446,chr8:2421::chr8:41634655-41635056(-),0.21648912
1447,chr1:770::chr1:35433947-35434348(+),0.16646864
1448,chr4:7099::chr4:9257055-9257456(+),0.023415929
1449,chr6:7456::chr6:149654139-149654540(-),0.065601096
1450,chr15:8047::chr15:41850425-41850826(+),0.4414521
1451,chr3:9505::chr3:67350934-67351335(-),0.0033052634
1452,chr1:14714::chr1:156698147-156698548(-),0.0235795
1453,chr2:17428::chr2:202197438-202197839(-),0.7781168
1454,chr10:5638::chr10:11909374-11909775(-),0.29164642
1455,chr11:4747::chr11:47241585-47241986(+),0.38577947
1456,chr13:4978::chr13:78597922-78598323(-),0.0040886933
1457,chr10:9894::chr10:111096762-111097163(+),0.52653164
1458,chr5:5182::chr5:127566300-127566701(+),0.12575483
1459,chr19:14005::chr19:17378806-17379207(-),0.04252143
1460,chr19:14678::chr19:43460220-43460621(-),0.35417572
1461,random_sequence_466,0.016913682
1462,chr17:5774::chr17:49180959-49181360(+),0.3853423
1463,chr5:2053::chr5:103036740-103037141(+),0.0003915302
1464,chr7:23690::chr7:66520844-66521245(-),0.6347361
1465,chrX:11618::chrX:101561718-101562119(+),0.036366228
1466,shuffled_237,0.0011372159
1467,shuffled_7021,0.00072397775
1468,chr12:10257::chr12:56392020-56392421(-),0.13565165
1469,chr22:11318::chr22:30921552-30921953(+),0.0061832974
1470,chr12:6288::chr12:54935524-54935925(-),0.0646856
1471,random_sequence_2495,0.00010572105
1472,shuffled_2966,0.08433886
1473,chr8:3353::chr8:6927113-6927514(-),0.011788035
1474,chr15:8940::chr15:89591493-89591894(-),0.16252221
1475,random_sequence_2788,0.0009627778
1476,chr19:15095::chr19:43866654-43867055(-),0.19345221
1477,chr9:12877::chr9:68522092-68522493(-),0.01364821
1478,chr4:20816::chr4:670475-670876(-),0.27687088
1479,random_sequence_6044,0.008066834
1480,chr10:12239::chr10:73373337-73373738(-),0.029952416
1481,chr15:8290::chr15:76230365-76230766(+),0.2573926
1482,chr1:5186::chr1:115684930-115685331(-),0.37366214
1483,chr12:5420::chr12:123623121-123623522(+),0.89938915
1484,shuffled_5626,0.013479887
1485,chr10:1230::chr10:73419109-73419510(-),0.005957458
1486,chr10:14932::chr10:113579371-113579772(-),0.05032006
1487,chr11:6862::chr11:67990601-67991002(-),0.27532113
1488,shuffled_5162,0.011715145
1489,chr19:12156::chr19:17319571-17319972(-),0.448448
1490,shuffled_2237,0.0009575087
1491,chr15:8991::chr15:64947294-64947695(-),0.4332773
1492,chr3:8559::chr3:161272287-161272688(+),0.0035039335
1493,random_sequence_5733,0.009528375
1494,shuffled_1446,0.0031814605
1495,chr4:12027::chr4:15080944-15081345(+),0.049171023
1496,chr7:40676::chr7:75890839-75891240(+),0.8798771
1497,random_sequence_6963,0.0011993449
1498,chr11:29914::chr11:57385416-57385817(-),0.87953025
1499,chr11:10840::chr11:22289009-22289410(+),0.015860677
1500,chr19:35343::chr19:36128297-36128698(+),0.9339439
1501,shuffled_2222,0.009681238
1502,chr21:1065::chr21:30263135-30263536(-),0.04229801
1503,shuffled_2723,0.0009449078
1504,random_sequence_4460,0.089189574
1505,shuffled_2721,0.005196155
1506,chr20:18097::chr20:2658724-2659125(+),0.8050643
1507,chr1:6203::chr1:44729735-44730136(+),0.058354974
1508,chr4:11128::chr4:57043187-57043588(+),0.2929318
1509,shuffled_5387,0.000905467
1510,chr7:23232::chr7:47636409-47636810(+),0.93745625
1511,chr1:4607::chr1:47055120-47055521(+),0.004910174
1512,random_sequence_6550,0.0009655809
1513,chr11:3693::chr11:529214-529615(-),0.87440443
1514,chr1:25617::chr1:26471814-26472215(+),0.3751457
1515,chr2:5020::chr2:97744366-97744767(-),0.0086295195
1516,chr15:8685::chr15:74898827-74899228(-),0.8475381
1517,chr12:12697::chr12:57102107-57102508(+),0.75619096
1518,random_sequence_3763,0.004494014
1519,chr19:15213::chr19:40365497-40365898(-),0.79757977
1520,chr6:9616::chr6:108022985-108023386(-),0.014597556
1521,chr6:22044::chr6:37490453-37490854(+),0.7570659
1522,random_sequence_4886,0.25704944
1523,random_sequence_585,0.0004675113
1524,chr10:3137::chr10:87206406-87206807(+),0.8664683
1525,random_sequence_5785,0.240819
1526,chrX:13040::chrX:108703436-108703837(+),0.002444629
1527,random_sequence_2585,0.05071073
1528,chr4:20871::chr4:39479228-39479629(-),0.5598022
1529,chr1:13796::chr1:200880356-200880757(+),0.14837596
1530,random_sequence_1778,0.016316786
1531,chr21:1383::chr21:30735963-30736364(-),0.00048355185
1532,chr1:27233::chr1:206469857-206470258(+),0.83518374
1533,chr7:3835::chr7:155312868-155313269(+),0.115572765
1534,random_sequence_7909,0.00036684237
1535,chr5:8069::chr5:55117416-55117817(+),0.16177413
1536,chr15:9970::chr15:48352266-48352667(+),0.005720433
1537,chr3:37921::chr3:49672974-49673375(+),0.634092
1538,shuffled_4573,0.0007862573
1539,chr8:826::chr8:7565893-7566294(-),0.1408475
1540,chr7:2372::chr7:65100817-65101218(+),0.045001045
1541,chr14:11440::chr14:35810114-35810515(-),0.0016288015
1542,chr1:2047::chr1:109641265-109641666(+),0.061746083
1543,chr11:1490::chr11:7402631-7403032(-),0.007737887
1544,chr4:878::chr4:94291455-94291856(-),0.0016008066
1545,chr12:11937::chr12:84840922-84841323(-),0.0015125326
1546,chr18:3552::chr18:59246435-59246836(+),0.015431562
1547,chr19:10041::chr19:40917987-40918388(+),0.43113413
1548,shuffled_2605,0.018534876
1549,chr17:13573::chr17:4535781-4536182(-),0.9009582
1550,shuffled_164,0.005691261
1551,chr1:28576::chr1:111434487-111434888(-),0.086503215
1552,chr15:31526::chr15:80771119-80771520(+),0.85203993
1553,chr9:10558::chr9:96619780-96620181(-),0.3544719
1554,random_sequence_7068,0.011019684
1555,chr1:1570::chr1:25240121-25240522(-),0.26391664
1556,chr7:40154::chr7:128099881-128100282(+),0.9407915
1557,chr11:4367::chr11:57631004-57631405(+),0.061231066
1558,chr2:9532::chr2:10465505-10465906(+),0.18332018
1559,chr1:5317::chr1:68209580-68209981(+),0.023880467
1560,chr11:5414::chr11:10796299-10796700(-),0.3071642
1561,chr19:6531::chr19:37401432-37401833(+),0.005728673
1562,chr3:14465::chr3:58518698-58519099(+),0.053605806
1563,chr2:7660::chr2:68036253-68036654(-),0.0032152762
1564,chr19:8177::chr19:44239392-44239793(+),0.023178097
1565,chr3:5160::chr3:10246154-10246555(+),0.00053269224
1566,chr3:2170::chr3:191278940-191279341(+),0.0015022466
1567,chr6:13808::chr6:35560438-35560839(-),0.0030613262
1568,shuffled_6314,0.30412573
1569,chr16:9157::chr16:775017-775418(+),0.8364169
1570,chr11:13088::chr11:115164920-115165321(-),0.008187841
1571,chr12:10414::chr12:12647033-12647434(+),0.010064239
1572,chr22:18937::chr22:23898276-23898677(+),0.8040246
1573,chr19:12553::chr19:22673707-22674108(+),0.0021183845
1574,random_sequence_484,0.002925378
1575,chr2:13269::chr2:63100504-63100905(-),0.00055273203
1576,chr12:14822::chr12:72676289-72676690(+),3.119768e-05
1577,chr22:37329::chr22:37780534-37780935(+),0.65468144
1578,chr7:10289::chr7:33877279-33877680(+),0.0013825147
1579,chr1:2214::chr1:150263461-150263862(-),0.6659221
1580,chr5:1018::chr5:123017593-123017994(-),0.045474816
1581,chr19:13174::chr19:12383711-12384112(-),0.010070257
1582,shuffled_4167,0.88041943
1583,chr2:5347::chr2:60808961-60809362(+),0.063727036
1584,chr2:36303::chr2:206806548-206806949(+),0.37470913
1585,chr19:4205::chr19:9507897-9508298(-),0.02724419
1586,chr2:5696::chr2:236313033-236313434(+),0.0006676763
1587,random_sequence_2911,0.017564243
1588,shuffled_2265,0.00027119942
1589,chr6:8477::chr6:151369264-151369665(+),0.59652126
1590,chr8:6170::chr8:144486705-144487106(-),0.01169127
1591,chr17:33972::chr17:41800475-41800876(-),0.96193427
1592,chr12:31225::chr12:124904352-124904753(-),0.80536586
1593,chr3:37904::chr3:10154335-10154736(+),0.06945381
1594,chr9:42034::chr9:130435470-130435871(+),0.68049675
1595,chr1:28688::chr1:23575884-23576285(-),0.54826427
1596,chr16:9361::chr16:67208840-67209241(+),0.869044
1597,chr1:332::chr1:31445641-31446042(+),0.13261929
1598,chr19:16099::chr19:18224029-18224430(+),0.76145816
1599,chr7:6543::chr7:56164620-56165021(+),0.033808716
1600,shuffled_5820,0.037235234
1601,chr5:9548::chr5:7820061-7820462(-),0.04558172
1602,shuffled_5843,0.06508275
1603,chr1:76::chr1:151165631-151166032(-),0.39980382
1604,chr3:38974::chr3:197630508-197630909(-),0.8171932
1605,shuffled_8002,0.0048576845
1606,chr22:19055::chr22:24189415-24189816(+),0.55548537
1607,chr1:7780::chr1:10387346-10387747(+),0.20048845
1608,random_sequence_6195,0.10957061
1609,chr4:20686::chr4:421407-421808(-),0.34319326
1610,chr5:20965::chr5:671248-671649(+),0.2785787
1611,chr4:10700::chr4:163369704-163370105(+),0.028043041
1612,chr9:8929::chr9:85797182-85797583(+),0.13859749
1613,chr9:42168::chr9:134457016-134457417(+),0.88799524
1614,chr9:24518::chr9:135920946-135921347(+),0.19802155
1615,chr8:23483::chr8:66522952-66523353(+),0.7417912
1616,chr6:15294::chr6:57037727-57038128(+),0.20493336
1617,chr19:36053::chr19:36443222-36443623(-),0.8665229
1618,chr2:11474::chr2:33410160-33410561(+),0.35565418
1619,shuffled_7222,0.0011061851
1620,chr14:15463::chr14:98958163-98958564(-),0.11608411
1621,chr16:32237::chr16:675017-675418(+),0.9229333
1622,chr14:987::chr14:22683735-22684136(-),0.00027549226
1623,chr19:34891::chr19:16103451-16103852(+),0.7814186
1624,shuffled_7274,0.13798052
1625,chr1:1002::chr1:66796328-66796729(-),0.00048525096
1626,shuffled_3988,0.0050564795
1627,random_sequence_3085,0.00033451407
1628,chr17:324::chr17:68967076-68967477(-),0.19203049
1629,chr9:12186::chr9:2733971-2734372(+),0.056343883
1630,random_sequence_4978,0.00066441984
1631,chr21:37975::chr21:44768014-44768415(-),0.9011526
1632,chr20:37738::chr20:63858739-63859140(-),0.6639708
1633,chr3:20292::chr3:69051997-69052398(-),0.69624406
1634,chr10:2410::chr10:3764373-3764774(-),0.042793207
1635,chrX:26797::chrX:18637098-18637499(-),0.2519545
1636,chr6:7696::chr6:105086238-105086639(-),0.49989724
1637,chr5:7613::chr5:77990816-77991217(-),0.0034394697
1638,chr4:39555::chr4:7960053-7960454(-),0.9441064
1639,chr15:31502::chr15:59689347-59689748(+),0.5638552
1640,random_sequence_2484,7.496492e-05
1641,chr16:14516::chr16:21343871-21344272(+),0.22220698
1642,shuffled_1947,0.0009057213
1643,chr1:7379::chr1:173779607-173780008(-),0.17405827
1644,chr9:5467::chr9:127833775-127834176(+),0.009296792
1645,shuffled_6540,0.007024394
1646,random_sequence_533,0.0033992182
1647,random_sequence_4465,0.041749645
1648,chr18:10676::chr18:10558273-10558674(+),0.011095836
1649,chr2:1203::chr2:212985409-212985810(-),0.017269962
1650,chr10:3160::chr10:12838000-12838401(+),0.030331483
1651,chr3:13839::chr3:146176612-146177013(-),0.23846038
1652,chr12:8677::chr12:116842707-116843108(-),0.42350107
1653,shuffled_174,0.013943203
1654,chr17:10816::chr17:59853226-59853627(-),0.8876568
1655,chr14:15414::chr14:95653321-95653722(+),0.023208551
1656,chr19:2709::chr19:57262899-57263300(+),0.013403529
1657,chr19:2516::chr19:57331498-57331899(+),0.012358271
1658,chr6:11793::chr6:52778888-52779289(-),0.0012471576
1659,chr16:11363::chr16:1524818-1525219(+),0.39114863
1660,chr1:4249::chr1:3716245-3716646(-),0.41243857
1661,random_sequence_1545,0.22053623
1662,shuffled_7071,0.07696657
1663,chr17:11728::chr17:57127559-57127960(+),0.4656493
1664,chr19:15066::chr19:52597856-52598257(+),0.4034732
1665,shuffled_5454,0.0045255003
1666,chr1:26406::chr1:9384834-9385235(+),0.42189923
1667,shuffled_593,0.04095937
1668,chr17:11477::chr17:64147460-64147861(+),0.7002986
1669,chr1:9444::chr1:2583144-2583545(+),0.05284679
1670,random_sequence_6468,0.0001826889
1671,chr17:9991::chr17:63673146-63673547(-),0.16970289
1672,random_sequence_3146,0.0027506186
1673,chr17:4214::chr17:45382594-45382995(-),0.028801879
1674,chr12:11809::chr12:124327003-124327404(+),0.79727113
1675,random_sequence_3914,0.0005537242
1676,chr17:8602::chr17:3118108-3118509(-),0.032313563
1677,chr9:26444::chr9:112011831-112012232(-),0.9251288
1678,chr12:1059::chr12:56134344-56134745(-),0.5548069
1679,chr20:3219::chr20:46344352-46344753(-),0.2811651
1680,chrX:43003::chrX:3810756-3811157(-),0.05691523
1681,chr11:12461::chr11:59555480-59555881(-),0.04063504
1682,chr2:15430::chr2:216469929-216470330(-),0.00089221186
1683,chr16:9314::chr16:30602247-30602648(-),0.91797143
1684,random_sequence_7490,0.00587345
1685,chr5:21605::chr5:37756302-37756703(+),0.7880527
1686,shuffled_5486,0.0015053967
1687,chr14:1094::chr14:59375774-59376175(+),0.11141454
1688,chr17:12063::chr17:48065678-48066079(+),0.7789563
1689,chr10:27963::chr10:75194272-75194673(+),0.1903457
1690,chr7:24886::chr7:130497159-130497560(-),0.30961788
1691,chr19:35256::chr19:35029957-35030358(+),0.824776
1692,shuffled_7694,0.00047397576
1693,random_sequence_5635,0.2501499
1694,shuffled_3272,0.00045200094
1695,random_sequence_4841,0.007628211
1696,shuffled_8346,0.00021754128
1697,chrX:43199::chrX:101342153-101342554(-),0.4015986
1698,chr5:10103::chr5:173703116-173703517(-),0.74546653
1699,shuffled_2305,0.095988214
1700,chr11:4543::chr11:57368431-57368832(-),0.8991863
1701,chr1:484::chr1:204408954-204409355(-),0.20017448
1702,shuffled_6590,0.00186044
1703,shuffled_5069,0.0020981994
1704,shuffled_5260,0.022709727
1705,random_sequence_1045,0.00030834996
1706,chr6:15297::chr6:18243332-18243733(+),0.031577934
1707,chr1:27272::chr1:20787317-20787718(-),0.90543
1708,random_sequence_8411,0.004629624
1709,chr1:2741::chr1:226093391-226093792(+),0.06479791
1710,chr3:2055::chr3:107819234-107819635(+),0.00014395968
1711,chr9:24536::chr9:135922017-135922418(+),0.8338497
1712,chr22:38440::chr22:41595185-41595586(-),0.7230997
1713,random_sequence_364,0.025604736
1714,chrX:3667::chrX:104248545-104248946(-),0.057059474
1715,chr15:8397::chr15:43801088-43801489(-),0.3003283
1716,chr1:28944::chr1:86342112-86342513(-),0.7672559
1717,shuffled_7521,0.001458376
1718,chr22:18766::chr22:50498374-50498775(-),0.68802774
1719,chr15:4276::chr15:45571801-45572202(-),0.0064638257
1720,chrX:24859::chrX:47491123-47491524(+),0.8448641
1721,chr2:8040::chr2:120000567-120000968(+),0.3807938
1722,chr19:35737::chr19:18898606-18899007(-),0.83598936
1723,random_sequence_5945,0.005151621
1724,shuffled_5931,0.0057612746
1725,shuffled_2121,0.0030557816
1726,chr11:9424::chr11:60424540-60424941(+),0.003717272
1727,chr8:7546::chr8:7806552-7806953(-),0.03937965
1728,chr19:7908::chr19:46472750-46473151(-),0.0064029964
1729,random_sequence_1586,0.121802054
1730,random_sequence_5645,0.012559744
1731,chr3:19902::chr3:37998660-37999061(-),0.51852
1732,chr5:9823::chr5:134589823-134590224(-),0.23340496
1733,chr17:33618::chr17:17839743-17840144(-),0.91973627
1734,chr15:13765::chr15:44785889-44786290(+),0.0031781823
1735,shuffled_6589,0.0012910587
1736,chr10:2817::chr10:17238777-17239178(+),0.6609599
1737,random_sequence_3278,0.0054897163
1738,random_sequence_8254,0.0015210831
1739,shuffled_3608,0.030315876
1740,chr19:15701::chr19:47226121-47226522(+),0.9560663
1741,random_sequence_1198,0.02243722
1742,chr9:166::chr9:34682188-34682589(-),0.08258831
1743,chr10:14588::chr10:119141527-119141928(+),0.020247985
1744,shuffled_2590,0.042297434
1745,random_sequence_4237,0.0022275439
1746,chr11:4098::chr11:63895691-63896092(-),0.5588455
1747,chr2:9245::chr2:175907862-175908263(-),0.12401116
1748,chr2:10309::chr2:61779976-61780377(+),0.12764141
1749,chr11:4946::chr11:118917492-118917893(+),0.8980676
1750,chr20:5328::chr20:25281808-25282209(-),0.46882057
1751,chr17:33652::chr17:62627238-62627639(+),0.8874737
1752,chr22:37706::chr22:45603521-45603922(+),0.59751016
1753,chr1:14834::chr1:3722646-3723047(-),0.06778653
1754,chr1:10092::chr1:103632341-103632742(+),0.0019770984
1755,random_sequence_785,0.0005678168
1756,chr3:7393::chr3:11900256-11900657(+),0.02328668
1757,shuffled_5270,0.0023100073
1758,shuffled_8038,0.0002809666
1759,chr6:12737::chr6:30280354-30280755(-),0.00344266
1760,chr1:26001::chr1:75796204-75796605(+),0.3253835
1761,shuffled_3248,0.0009330877
1762,shuffled_6241,0.012994582
1763,chr16:7963::chr16:56954284-56954685(+),0.12560545
1764,chr15:32091::chr15:42208512-42208913(-),0.020590072
1765,chr17:12873::chr17:42823663-42824064(+),0.27413946
1766,chr10:2419::chr10:102405287-102405688(+),0.9651917
1767,chr11:12469::chr11:107998739-107999140(-),0.0033423617
1768,shuffled_3684,0.017221289
1769,chr1:9521::chr1:18488257-18488658(+),0.00032359222
1770,chr22:37434::chr22:50184149-50184550(+),0.49419132
1771,chr22:19254::chr22:22269872-22270273(-),0.9398087
1772,chr3:10138::chr3:46278058-46278459(+),0.13517144
1773,chr17:13048::chr17:78106222-78106623(-),0.8034624
1774,chr3:8451::chr3:129045245-129045646(+),0.004773011
1775,random_sequence_3351,0.00040567247
1776,chr2:14544::chr2:219578487-219578888(+),0.114655614
1777,chr8:8240::chr8:100359143-100359544(+),0.06815429
1778,chr5:21760::chr5:179606595-179606996(-),0.74503446
1779,shuffled_7070,0.0017127848
1780,chr17:33903::chr17:30970364-30970765(+),0.91824454
1781,chr19:10572::chr19:45606061-45606462(-),0.0019721321
1782,chr5:21264::chr5:676428-676829(+),0.6915652
1783,chr1:9542::chr1:229674934-229675335(+),0.0035508848
1784,chr22:19089::chr22:31084932-31085333(-),0.86821955
1785,chr1:3575::chr1:121154775-121155176(-),0.09496016
1786,random_sequence_1602,0.00023938782
1787,chr10:28300::chr10:132395539-132395940(+),0.91081095
1788,chr12:939::chr12:48034306-48034707(-),0.030951118
1789,random_sequence_4214,0.0014366864
1790,random_sequence_3390,0.0013715512
1791,shuffled_4163,0.021418264
1792,random_sequence_5619,0.00044987467
1793,chr2:9728::chr2:10561874-10562275(-),0.0002531408
1794,random_sequence_7932,0.031865843
1795,chr13:13786::chr13:44415756-44416157(-),0.62288934
1796,chr11:28940::chr11:46706923-46707324(+),0.3140401
1797,chr4:38620::chr4:2047196-2047597(+),0.96857375
1798,chr4:20577::chr4:6706908-6707309(-),0.73060143
1799,shuffled_8549,0.06398066
1800,chr4:6601::chr4:134180221-134180622(-),0.027471066
1801,chr13:3706::chr13:99388282-99388683(+),0.2438261
1802,chr7:9656::chr7:157436099-157436500(+),0.1787766
1803,random_sequence_115,8.433167e-05
1804,chr1:6079::chr1:100754816-100755217(+),0.001552953
1805,random_sequence_361,0.0015295132
1806,chr22:12729::chr22:42489648-42490049(-),0.51418823
1807,chr6:6306::chr6:27077563-27077964(+),0.008291544
1808,chr17:33181::chr17:31550094-31550495(+),0.38055027
1809,chr12:14970::chr12:94881016-94881417(-),0.054199744
1810,chr12:5794::chr12:43792886-43793287(-),0.3824457
1811,chr11:30366::chr11:17073124-17073525(-),0.25112978
1812,chrX:42727::chrX:154378411-154378812(+),0.90119314
1813,chr19:36333::chr19:40228399-40228800(-),0.48780948
1814,chr14:7243::chr14:73259862-73260263(-),0.04880377
1815,shuffled_296,0.06560696
1816,chr22:38227::chr22:41934476-41934877(-),0.94603837
1817,chr2:3689::chr2:47681919-47682320(+),0.0077518956
1818,chr13:11539::chr13:57160020-57160421(+),0.10005691
1819,chr15:11603::chr15:63603861-63604262(+),0.0010691995
1820,chr13:7470::chr13:43805454-43805855(-),0.59246415
1821,chr16:10824::chr16:68365686-68366087(+),0.7356081
1822,chr10:1550::chr10:73414389-73414790(-),0.0027455771
1823,chr4:1123::chr4:55851880-55852281(+),0.27099484
1824,chr1:10743::chr1:244725049-244725450(+),0.32678455
1825,random_sequence_6771,0.0018894423
1826,chr19:13926::chr19:1504405-1504806(-),0.81717694
1827,chr11:28644::chr11:12544170-12544571(+),0.78871804
1828,chr3:8042::chr3:167665099-167665500(-),5.9015867e-05
1829,chr4:20803::chr4:670131-670532(-),0.7643975
1830,chr19:35549::chr19:15419043-15419444(-),0.45196033
1831,chr16:6766::chr16:68372750-68373151(+),0.46288332
1832,chrX:25039::chrX:18897149-18897550(+),0.82356673
1833,shuffled_4891,0.018733826
1834,chr12:5359::chr12:9703235-9703636(+),0.01679127
1835,chr7:9517::chr7:33022981-33023382(+),0.025294771
1836,chrY:5377::chrY:2997158-2997559(+),0.03313393
1837,chr20:15221::chr20:2191684-2192085(+),0.004474744
1838,chr21:13626::chr21:17577481-17577882(-),0.012435226
1839,chr17:10226::chr17:40197491-40197892(+),0.67140025
1840,chr16:511::chr16:31522447-31522848(+),0.02119294
1841,chr8:11175::chr8:17639053-17639454(-),0.025460187
1842,chr4:20582::chr4:2734556-2734957(+),0.23439243
1843,chr2:10125::chr2:241066982-241067383(-),0.03200907
1844,shuffled_5388,0.053940523
1845,chr11:2772::chr11:61399027-61399428(+),0.0047465144
1846,shuffled_1546,0.0023315689
1847,chrX:3168::chrX:154175113-154175514(+),0.068726644
1848,chr16:8792::chr16:89247662-89248063(+),0.5540235
1849,chr17:32825::chr17:16384563-16384964(+),0.775537
1850,chr17:11151::chr17:42329656-42330057(+),0.56931746
1851,chr15:14499::chr15:52082406-52082807(+),0.017343655
1852,chr1:5203::chr1:70456300-70456701(+),0.005973085
1853,chr19:5603::chr19:36730025-36730426(+),0.00075198966
1854,chr1:14212::chr1:11540241-11540642(+),0.13498436
1855,random_sequence_726,0.00045545268
1856,chr3:528::chr3:25580461-25580862(-),0.01920083
1857,chr16:11726::chr16:87406206-87406607(+),0.00018169133
1858,shuffled_969,0.7057672
1859,shuffled_7813,0.008441336
1860,chr1:6132::chr1:27894777-27895178(+),0.0028970367
1861,chr8:13019::chr8:100508307-100508708(-),0.039135404
1862,chr7:574::chr7:30995188-30995589(+),0.5014907
1863,random_sequence_4704,0.00058055075
1864,chrX:43122::chrX:3815377-3815778(-),0.8932706
1865,chr7:12614::chr7:116570326-116570727(+),0.19110388
1866,chr5:21361::chr5:679544-679945(+),0.45061454
1867,random_sequence_4814,0.004527265
1868,chr16:10954::chr16:22335856-22336257(+),0.11765315
1869,chr1:8482::chr1:52370752-52371153(+),0.0005393516
1870,chr17:13844::chr17:74462318-74462719(+),0.07143025
1871,chr17:1581::chr17:8022983-8023384(+),0.09546522
1872,chr9:14531::chr9:135453514-135453915(-),0.3086166
1873,chr22:19409::chr22:35589393-35589794(-),0.7919636
1874,chr10:5786::chr10:65895617-65896018(-),0.004405866
1875,chr19:9116::chr19:15859979-15860380(-),0.5089347
1876,shuffled_6893,0.00074920553
1877,random_sequence_3466,0.01606155
1878,chr1:622::chr1:204411282-204411683(-),0.8478673
1879,chr17:34346::chr17:50947528-50947929(-),0.91401863
1880,chr3:4200::chr3:51920962-51921363(-),0.053332705
1881,chr2:37396::chr2:70141543-70141944(-),0.75157964
1882,chr1:1287::chr1:155751651-155752052(+),0.88542205
1883,chr3:10878::chr3:42540463-42540864(+),0.29104397
1884,random_sequence_3365,0.31598216
1885,chr2:37111::chr2:96142427-96142828(-),0.9120989
1886,random_sequence_6230,0.017693661
1887,random_sequence_4578,0.0076513765
1888,chr17:12085::chr17:59843965-59844366(+),0.18945296
1889,random_sequence_4673,0.0012508573
1890,chr6:40883::chr6:134167794-134168195(-),0.6590482
1891,shuffled_3854,0.22528377
1892,chr1:1220::chr1:44652298-44652699(+),0.3882124
1893,chrX:5900::chrX:14926543-14926944(+),0.17193928
1894,chr2:37165::chr2:88015850-88016251(-),0.8154909
1895,shuffled_1377,0.010456592
1896,chr17:5575::chr17:41971739-41972140(-),0.0075114397
1897,shuffled_4854,0.0024311028
1898,chr5:10809::chr5:115563487-115563888(-),0.00089896517
1899,chr19:34235::chr19:52390967-52391368(+),0.41452092
1900,chr21:37958::chr21:41727376-41727777(-),0.9703911
1901,chr8:13745::chr8:117545815-117546216(+),0.024422841
1902,chr17:6832::chr17:17348261-17348662(+),0.6382877
1903,shuffled_5371,0.0007096412
1904,chr11:5539::chr11:8688675-8689076(-),0.58511865
1905,chr7:2278::chr7:2893965-2894366(-),0.0043200874
1906,random_sequence_1593,0.0003649659
1907,random_sequence_1740,0.0009832643
1908,chr16:10025::chr16:2968550-2968951(+),0.5450233
1909,shuffled_400,0.0023560193
1910,chr12:2704::chr12:71105405-71105806(-),0.038755655
1911,chr18:3750::chr18:8839692-8840093(+),0.019243166
1912,chr19:16089::chr19:1225750-1226151(-),0.873281
1913,chr15:1530::chr15:35873095-35873496(+),0.15044282
1914,chrX:11290::chrX:154212612-154213013(+),0.5814903
1915,random_sequence_3568,0.00070222747
1916,chrX:6003::chrX:16573864-16574265(-),0.048808664
1917,shuffled_8517,0.09047035
1918,chr18:6583::chr18:54266240-54266641(-),0.012566814
1919,chr11:8250::chr11:93726463-93726864(-),0.004602111
1920,chr20:2503::chr20:56377958-56378359(+),0.70491505
1921,random_sequence_4639,0.0034163601
1922,chr14:10853::chr14:74374596-74374997(+),0.076987654
1923,chr15:8436::chr15:77496867-77497268(+),0.9296508
1924,chr12:12881::chr12:10152187-10152588(-),0.37732905
1925,shuffled_318,0.021624798
1926,chr6:40079::chr6:28161463-28161864(+),0.7151734
1927,shuffled_6908,0.02954862
1928,chr9:1387::chr9:99160165-99160566(+),0.008196762
1929,chr14:10823::chr14:71118484-71118885(+),0.07889008
1930,chr13:2930::chr13:51774502-51774903(+),1.1346066e-05
1931,random_sequence_2624,6.0508464e-05
1932,chr19:16474::chr19:7098962-7099363(-),0.9456112
1933,chr8:12073::chr8:98110519-98110920(+),0.0022110792
1934,random_sequence_4799,0.0013654284
1935,chr20:18231::chr20:63553086-63553487(-),0.94968
1936,chr1:2164::chr1:150165025-150165426(+),0.037528194
1937,chr4:2653::chr4:83398671-83399072(-),0.0039470037
1938,chr1:27684::chr1:71054191-71054592(-),0.8894517
1939,chr5:2599::chr5:35892239-35892640(+),0.09718017
1940,chr2:16582::chr2:85437725-85438126(+),0.55411816
1941,shuffled_4917,0.004788931
1942,chr19:14729::chr19:558477-558878(-),0.86593235
1943,chr3:20483::chr3:129314141-129314542(-),0.88362837
1944,chr3:19304::chr3:52694442-52694843(+),0.28632498
1945,chr14:8027::chr14:90520992-90521393(-),0.7772876
1946,chr3:13119::chr3:71766939-71767340(+),0.0024888453
1947,chr18:8558::chr18:42101515-42101916(+),0.23601839
1948,random_sequence_3261,0.00044779992
1949,chr1:9133::chr1:28727244-28727645(+),0.0025628614
1950,shuffled_88,0.069847465
1951,chr17:1316::chr17:40211422-40211823(+),0.06121698
1952,chr1:516::chr1:201917489-201917890(+),0.37882793
1953,chr4:38580::chr4:2045163-2045564(+),0.41951388
1954,chr1:3920::chr1:27657236-27657637(-),0.19446217
1955,chr20:10785::chr20:152883-153284(+),0.0044599073
1956,shuffled_2032,0.0006399085
1957,shuffled_629,0.009889808
1958,chr3:8598::chr3:20004203-20004604(+),0.08307113
1959,random_sequence_3444,0.00016029006
1960,random_sequence_5488,0.00015170049
1961,chr1:7473::chr1:46526029-46526430(-),0.20244713
1962,chr9:26227::chr9:124868790-124869191(-),0.7165518
1963,random_sequence_7912,0.08751954
1964,chr3:15417::chr3:170067814-170068215(-),0.025423106
1965,chr6:13437::chr6:41170407-41170808(-),0.20142338
1966,shuffled_7852,0.0042332904
1967,chr11:7844::chr11:73303984-73304385(-),0.00212457
1968,chr6:21988::chr6:27824389-27824790(+),0.23573509
1969,chr22:3449::chr22:40992883-40993284(+),0.22358684
1970,chr20:3149::chr20:63335221-63335622(+),0.6648139
1971,chr12:30424::chr12:50763350-50763751(+),0.4964128
1972,random_sequence_8233,0.4386483
1973,chr4:2850::chr4:141301265-141301666(-),0.053487353
1974,chr5:39867::chr5:43009337-43009738(-),0.23229821
1975,random_sequence_392,0.0054425066
1976,random_sequence_5155,0.008703455
1977,chr12:5907::chr12:52305683-52306084(-),0.181231
1978,chr12:30782::chr12:9139384-9139785(-),0.11478841
1979,chr9:7802::chr9:124870898-124871299(-),0.03575512
1980,chr11:4188::chr11:57357732-57358133(-),0.73985994
1981,random_sequence_3787,0.0011738443
1982,chr13:6992::chr13:26691171-26691572(+),0.009205267
1983,chr19:7432::chr19:13957595-13957996(-),0.22876456
1984,chr1:11685::chr1:204047153-204047554(-),0.112463094
1985,chr12:7827::chr12:10580043-10580444(-),0.00019490978
1986,chr17:12849::chr17:8322552-8322953(+),0.027360823
1987,random_sequence_5904,0.00019076522
1988,chr8:12637::chr8:7399105-7399506(-),0.3603714
1989,chr3:7269::chr3:179786184-179786585(-),0.0005299406
1990,chr1:5175::chr1:35428272-35428673(+),0.6123181
1991,chr17:5612::chr17:81466268-81466669(+),0.7474258
1992,chr10:3076::chr10:43384638-43385039(-),0.9500046
1993,chr16:33189::chr16:3579920-3580321(-),0.9617159
1994,shuffled_3559,0.0040427838
1995,random_sequence_8515,0.003328804
1996,random_sequence_6820,0.08555402
1997,chr17:97::chr17:39594353-39594754(-),0.4609457
1998,random_sequence_227,0.0005755763
1999,chr8:14936::chr8:94360272-94360673(-),0.59485465
